Bundling 6%
Bundling 17%
Bundling 28%
Bundling 65%
Bundling 71%
Bundling 76%
Bundling 81%
Bundling 86%
Bundling 91%
Bundling 98%
Bundling 100%
Getting composition
Composition          YouHandleTodayReview
Codec                h264
Output               ../assets/storyboard/you-handle-today-footage/assembly/you-handle-today-review-v1.mp4
Concurrency          2x
Rendered 0/4320
Rendered 1/4320, time remaining: 1h 17m 57s
Rendered 2/4320, time remaining: 46m 20s
Rendered 3/4320, time remaining: 35m 5s
Rendered 4/4320, time remaining: 29m 57s
Rendered 5/4320, time remaining: 27m 24s
Rendered 6/4320, time remaining: 26m 1s
Rendered 7/4320, time remaining: 23m 36s
Rendered 8/4320, time remaining: 23m 59s
Rendered 9/4320, time remaining: 22m 17s
Rendered 10/4320, time remaining: 22m 49s
Rendered 11/4320, time remaining: 21m 3s
Rendered 12/4320, time remaining: 20m 51s
Rendered 13/4320, time remaining: 20m 29s
Rendered 14/4320, time remaining: 19m 42s
Rendered 15/4320, time remaining: 18m 57s
Rendered 16/4320, time remaining: 18m 31s
Rendered 17/4320, time remaining: 18m 3s
Rendered 18/4320, time remaining: 18m 35s
Rendered 19/4320, time remaining: 18m 6s
Rendered 20/4320, time remaining: 17m 59s
Rendered 21/4320, time remaining: 17m 41s
Rendered 22/4320, time remaining: 17m 49s
Rendered 23/4320, time remaining: 17m 42s
Rendered 24/4320, time remaining: 17m 33s
Rendered 25/4320, time remaining: 17m 17s
Rendered 26/4320, time remaining: 17m 35s
Rendered 27/4320, time remaining: 17m 43s
Rendered 28/4320, time remaining: 17m 43s
Rendered 29/4320, time remaining: 18m 0s
Rendered 30/4320, time remaining: 20m 6s
Rendered 31/4320, time remaining: 20m 8s
Rendered 32/4320, time remaining: 20m 12s
Rendered 33/4320, time remaining: 20m 9s
Rendered 34/4320, time remaining: 20m 20s
Rendered 35/4320, time remaining: 20m 59s
Rendered 36/4320, time remaining: 21m 13s
Rendered 37/4320, time remaining: 21m 36s
Rendered 38/4320, time remaining: 22m 13s
Rendered 39/4320, time remaining: 22m 7s
Rendered 40/4320, time remaining: 21m 55s
Rendered 41/4320, time remaining: 21m 51s
Rendered 42/4320, time remaining: 22m 27s
Rendered 43/4320, time remaining: 22m 32s
Rendered 44/4320, time remaining: 22m 52s
Rendered 45/4320, time remaining: 22m 50s
Rendered 46/4320, time remaining: 23m 36s
Rendered 47/4320, time remaining: 23m 47s
Rendered 48/4320, time remaining: 23m 34s
Rendered 49/4320, time remaining: 23m 30s
Rendered 50/4320, time remaining: 23m 39s
Rendered 51/4320, time remaining: 23m 18s
Rendered 52/4320, time remaining: 23m 7s
Rendered 53/4320, time remaining: 23m 4s
Rendered 54/4320, time remaining: 23m 1s
Rendered 55/4320, time remaining: 22m 48s
Rendered 56/4320, time remaining: 22m 43s
Rendered 57/4320, time remaining: 22m 36s
Rendered 58/4320, time remaining: 22m 30s
Rendered 59/4320, time remaining: 22m 15s
Rendered 60/4320, time remaining: 22m 17s
Rendered 61/4320, time remaining: 22m 3s
Rendered 62/4320, time remaining: 22m 1s
Rendered 63/4320, time remaining: 21m 48s
Rendered 64/4320, time remaining: 21m 49s
Rendered 65/4320, time remaining: 21m 34s
Rendered 66/4320, time remaining: 21m 42s
Rendered 67/4320, time remaining: 21m 46s
Rendered 68/4320, time remaining: 21m 36s
Rendered 69/4320, time remaining: 21m 29s
Rendered 70/4320, time remaining: 21m 27s
Rendered 71/4320, time remaining: 21m 23s
Rendered 72/4320, time remaining: 21m 13s
Rendered 73/4320, time remaining: 21m 15s
Rendered 74/4320, time remaining: 21m 20s
Rendered 75/4320, time remaining: 21m 27s
Rendered 76/4320, time remaining: 21m 43s
Rendered 77/4320, time remaining: 21m 31s
Rendered 78/4320, time remaining: 22m 4s
Rendered 79/4320, time remaining: 22m 10s
Rendered 80/4320, time remaining: 22m 4s
Rendered 81/4320, time remaining: 22m 0s
Rendered 82/4320, time remaining: 22m 19s
Rendered 83/4320, time remaining: 22m 16s
Rendered 84/4320, time remaining: 22m 10s
Rendered 85/4320, time remaining: 22m 4s
Rendered 86/4320, time remaining: 22m 4s
Rendered 87/4320, time remaining: 22m 10s
Rendered 88/4320, time remaining: 22m 10s
Rendered 89/4320, time remaining: 21m 56s
Rendered 90/4320, time remaining: 21m 57s
Rendered 91/4320, time remaining: 21m 52s
Rendered 92/4320, time remaining: 21m 44s
Rendered 93/4320, time remaining: 21m 47s
Rendered 94/4320, time remaining: 21m 47s
Rendered 95/4320, time remaining: 21m 39s
Rendered 96/4320, time remaining: 21m 44s
Rendered 97/4320, time remaining: 21m 36s
Rendered 98/4320, time remaining: 21m 42s
Rendered 99/4320, time remaining: 21m 38s
Rendered 100/4320, time remaining: 21m 33s
Rendered 101/4320, time remaining: 21m 34s
Rendered 102/4320, time remaining: 21m 35s
Rendered 103/4320, time remaining: 21m 27s
Rendered 104/4320, time remaining: 21m 22s
Rendered 105/4320, time remaining: 21m 13s
Rendered 106/4320, time remaining: 21m 11s
Rendered 107/4320, time remaining: 21m 2s
Rendered 108/4320, time remaining: 20m 58s
Rendered 109/4320, time remaining: 20m 50s
Rendered 110/4320, time remaining: 20m 47s
Rendered 111/4320, time remaining: 20m 39s
Rendered 112/4320, time remaining: 20m 34s
Rendered 113/4320, time remaining: 20m 26s
Rendered 114/4320, time remaining: 20m 23s
Rendered 115/4320, time remaining: 20m 16s
Rendered 116/4320, time remaining: 20m 12s
Rendered 117/4320, time remaining: 20m 4s
Rendered 118/4320, time remaining: 20m 7s
Rendered 119/4320, time remaining: 19m 57s
Rendered 120/4320, time remaining: 19m 58s
Rendered 121/4320, time remaining: 20m 0s
Rendered 122/4320, time remaining: 19m 53s
Rendered 123/4320, time remaining: 19m 50s
Rendered 124/4320, time remaining: 19m 44s
Rendered 125/4320, time remaining: 19m 41s
Rendered 126/4320, time remaining: 19m 35s
Rendered 127/4320, time remaining: 19m 31s
Rendered 128/4320, time remaining: 19m 26s
Rendered 129/4320, time remaining: 19m 19s
Rendered 130/4320, time remaining: 19m 17s
Rendered 131/4320, time remaining: 19m 11s
Rendered 132/4320, time remaining: 19m 7s
Rendered 133/4320, time remaining: 19m 1s
Rendered 134/4320, time remaining: 18m 59s
Rendered 135/4320, time remaining: 18m 52s
Rendered 136/4320, time remaining: 18m 50s
Rendered 137/4320, time remaining: 18m 46s
Rendered 138/4320, time remaining: 18m 44s
Rendered 139/4320, time remaining: 18m 39s
Rendered 140/4320, time remaining: 18m 35s
Rendered 141/4320, time remaining: 18m 31s
Rendered 142/4320, time remaining: 18m 28s
Rendered 143/4320, time remaining: 18m 23s
Rendered 144/4320, time remaining: 18m 21s
Rendered 145/4320, time remaining: 18m 16s
Rendered 146/4320, time remaining: 18m 14s
Rendered 147/4320, time remaining: 18m 10s
Rendered 148/4320, time remaining: 18m 5s
Rendered 149/4320, time remaining: 18m 1s
Rendered 150/4320, time remaining: 17m 58s
Rendered 151/4320, time remaining: 17m 30s
Rendered 152/4320, time remaining: 17m 30s
Rendered 153/4320, time remaining: 17m 26s
Rendered 154/4320, time remaining: 17m 26s
Rendered 155/4320, time remaining: 17m 21s
Rendered 156/4320, time remaining: 17m 17s
Rendered 157/4320, time remaining: 17m 17s
Rendered 158/4320, time remaining: 17m 10s
Rendered 159/4320, time remaining: 17m 10s
Rendered 160/4320, time remaining: 17m 3s
Rendered 161/4320, time remaining: 17m 4s
Rendered 162/4320, time remaining: 17m 2s
Rendered 163/4320, time remaining: 16m 57s
Rendered 164/4320, time remaining: 16m 57s
Rendered 165/4320, time remaining: 16m 55s
Rendered 166/4320, time remaining: 16m 57s
Rendered 167/4320, time remaining: 16m 55s
Rendered 168/4320, time remaining: 16m 50s
Rendered 169/4320, time remaining: 16m 49s
Rendered 170/4320, time remaining: 16m 47s
Rendered 171/4320, time remaining: 16m 44s
Rendered 172/4320, time remaining: 16m 41s
Rendered 173/4320, time remaining: 16m 39s
Rendered 174/4320, time remaining: 16m 38s
Rendered 175/4320, time remaining: 16m 35s
Rendered 176/4320, time remaining: 16m 32s
Rendered 177/4320, time remaining: 16m 26s
Rendered 178/4320, time remaining: 16m 24s
Rendered 179/4320, time remaining: 16m 16s
Rendered 180/4320, time remaining: 15m 50s
Rendered 181/4320, time remaining: 15m 43s
Rendered 182/4320, time remaining: 15m 40s
Rendered 183/4320, time remaining: 15m 34s
Rendered 184/4320, time remaining: 15m 30s
Rendered 185/4320, time remaining: 15m 14s
Rendered 186/4320, time remaining: 15m 8s
Rendered 187/4320, time remaining: 14m 57s
Rendered 188/4320, time remaining: 14m 43s
Rendered 189/4320, time remaining: 14m 38s
Rendered 190/4320, time remaining: 14m 38s
Rendered 191/4320, time remaining: 14m 31s
Rendered 192/4320, time remaining: 14m 18s
Rendered 193/4320, time remaining: 14m 9s
Rendered 194/4320, time remaining: 14m 0s
Rendered 195/4320, time remaining: 13m 53s
Rendered 196/4320, time remaining: 13m 35s
Rendered 197/4320, time remaining: 13m 25s
Rendered 198/4320, time remaining: 13m 24s
Rendered 199/4320, time remaining: 13m 18s
Rendered 200/4320, time remaining: 13m 11s
Rendered 201/4320, time remaining: 13m 10s
Rendered 202/4320, time remaining: 13m 10s
Rendered 203/4320, time remaining: 13m 3s
Rendered 204/4320, time remaining: 13m 0s
Rendered 205/4320, time remaining: 12m 58s
Rendered 206/4320, time remaining: 12m 56s
Rendered 207/4320, time remaining: 12m 52s
Rendered 208/4320, time remaining: 12m 50s
Rendered 209/4320, time remaining: 12m 49s
Rendered 210/4320, time remaining: 12m 45s
Rendered 211/4320, time remaining: 12m 43s
Rendered 212/4320, time remaining: 12m 40s
Rendered 213/4320, time remaining: 12m 38s
Rendered 214/4320, time remaining: 12m 35s
Rendered 215/4320, time remaining: 12m 35s
Rendered 216/4320, time remaining: 12m 26s
Rendered 217/4320, time remaining: 12m 21s
Rendered 218/4320, time remaining: 12m 20s
Rendered 219/4320, time remaining: 12m 19s
Rendered 220/4320, time remaining: 12m 13s
Rendered 221/4320, time remaining: 12m 11s
Rendered 222/4320, time remaining: 12m 11s
Rendered 223/4320, time remaining: 12m 4s
Rendered 224/4320, time remaining: 11m 59s
Rendered 225/4320, time remaining: 11m 49s
Rendered 226/4320, time remaining: 11m 38s
Rendered 227/4320, time remaining: 11m 39s
Rendered 228/4320, time remaining: 11m 17s
Rendered 229/4320, time remaining: 11m 8s
Rendered 230/4320, time remaining: 11m 7s
Rendered 231/4320, time remaining: 11m 2s
Rendered 232/4320, time remaining: 10m 48s
Rendered 233/4320, time remaining: 10m 42s
Rendered 234/4320, time remaining: 10m 43s
Rendered 235/4320, time remaining: 10m 38s
Rendered 236/4320, time remaining: 10m 34s
Rendered 237/4320, time remaining: 10m 25s
Rendered 238/4320, time remaining: 10m 21s
Rendered 239/4320, time remaining: 10m 23s
Rendered 240/4320, time remaining: 10m 17s
Rendered 241/4320, time remaining: 10m 21s
Rendered 242/4320, time remaining: 10m 19s
Rendered 243/4320, time remaining: 10m 12s
Rendered 244/4320, time remaining: 10m 6s
Rendered 245/4320, time remaining: 10m 6s
Rendered 246/4320, time remaining: 9m 58s
Rendered 247/4320, time remaining: 9m 57s
Rendered 248/4320, time remaining: 9m 51s
Rendered 249/4320, time remaining: 9m 46s
Rendered 250/4320, time remaining: 9m 48s
Rendered 251/4320, time remaining: 9m 40s
Rendered 252/4320, time remaining: 9m 39s
Rendered 253/4320, time remaining: 9m 43s
Rendered 254/4320, time remaining: 9m 47s
Rendered 255/4320, time remaining: 9m 47s
Rendered 256/4320, time remaining: 9m 45s
Rendered 257/4320, time remaining: 9m 48s
Rendered 258/4320, time remaining: 9m 51s
Rendered 259/4320, time remaining: 9m 50s
Rendered 260/4320, time remaining: 9m 50s
Rendered 261/4320, time remaining: 9m 49s
Rendered 262/4320, time remaining: 9m 52s
Rendered 263/4320, time remaining: 9m 51s
Rendered 264/4320, time remaining: 9m 50s
Rendered 265/4320, time remaining: 9m 49s
Rendered 266/4320, time remaining: 9m 52s
Rendered 267/4320, time remaining: 9m 53s
Rendered 268/4320, time remaining: 9m 48s
Rendered 269/4320, time remaining: 9m 49s
Rendered 270/4320, time remaining: 9m 48s
Rendered 271/4320, time remaining: 9m 41s
Rendered 272/4320, time remaining: 9m 44s
Rendered 273/4320, time remaining: 9m 40s
Rendered 274/4320, time remaining: 9m 46s
Rendered 275/4320, time remaining: 9m 43s
Rendered 276/4320, time remaining: 9m 53s
Rendered 277/4320, time remaining: 9m 55s
Rendered 278/4320, time remaining: 9m 59s
Rendered 279/4320, time remaining: 10m 0s
Rendered 280/4320, time remaining: 10m 0s
Rendered 281/4320, time remaining: 10m 2s
Rendered 282/4320, time remaining: 10m 4s
Rendered 283/4320, time remaining: 10m 2s
Rendered 284/4320, time remaining: 10m 3s
Rendered 285/4320, time remaining: 10m 3s
Rendered 286/4320, time remaining: 10m 5s
Rendered 287/4320, time remaining: 10m 3s
Rendered 288/4320, time remaining: 10m 4s
Rendered 289/4320, time remaining: 10m 2s
Rendered 290/4320, time remaining: 10m 5s
Rendered 291/4320, time remaining: 10m 4s
Rendered 292/4320, time remaining: 10m 4s
Rendered 293/4320, time remaining: 10m 3s
Rendered 294/4320, time remaining: 10m 5s
Rendered 295/4320, time remaining: 10m 5s
Rendered 296/4320, time remaining: 10m 3s
Rendered 297/4320, time remaining: 10m 3s
Rendered 298/4320, time remaining: 10m 7s
Rendered 299/4320, time remaining: 10m 5s
Rendered 300/4320, time remaining: 10m 7s
Rendered 301/4320, time remaining: 10m 6s
Rendered 302/4320, time remaining: 10m 8s
Rendered 303/4320, time remaining: 10m 10s
Rendered 304/4320, time remaining: 10m 9s
Rendered 305/4320, time remaining: 10m 12s
Rendered 306/4320, time remaining: 10m 13s
Rendered 307/4320, time remaining: 10m 13s
Rendered 308/4320, time remaining: 10m 17s
Rendered 309/4320, time remaining: 10m 15s
Rendered 310/4320, time remaining: 10m 18s
Rendered 311/4320, time remaining: 10m 21s
Rendered 312/4320, time remaining: 10m 19s
Rendered 313/4320, time remaining: 10m 23s
Rendered 314/4320, time remaining: 10m 26s
Rendered 315/4320, time remaining: 10m 27s
Rendered 316/4320, time remaining: 10m 30s
Rendered 317/4320, time remaining: 10m 35s
Rendered 318/4320, time remaining: 10m 44s
Rendered 319/4320, time remaining: 10m 44s
Rendered 320/4320, time remaining: 10m 49s
Rendered 321/4320, time remaining: 10m 50s
Rendered 322/4320, time remaining: 10m 53s
Rendered 323/4320, time remaining: 10m 53s
Rendered 324/4320, time remaining: 10m 52s
Rendered 325/4320, time remaining: 10m 55s
Rendered 326/4320, time remaining: 10m 57s
Rendered 327/4320, time remaining: 10m 57s
Rendered 328/4320, time remaining: 11m 0s
Rendered 329/4320, time remaining: 11m 0s
Rendered 330/4320, time remaining: 11m 2s
Rendered 331/4320, time remaining: 11m 4s
Rendered 332/4320, time remaining: 11m 3s
Rendered 333/4320, time remaining: 11m 5s
Rendered 334/4320, time remaining: 11m 6s
Rendered 335/4320, time remaining: 11m 9s
Rendered 336/4320, time remaining: 11m 6s
Rendered 337/4320, time remaining: 11m 9s
Rendered 338/4320, time remaining: 11m 11s
Rendered 339/4320, time remaining: 11m 11s
Rendered 340/4320, time remaining: 11m 12s
Rendered 341/4320, time remaining: 11m 15s
Rendered 342/4320, time remaining: 11m 17s
Rendered 343/4320, time remaining: 11m 21s
Rendered 344/4320, time remaining: 11m 21s
Rendered 345/4320, time remaining: 11m 23s
Rendered 346/4320, time remaining: 11m 26s
Rendered 347/4320, time remaining: 11m 27s
Rendered 348/4320, time remaining: 11m 28s
Rendered 349/4320, time remaining: 11m 30s
Rendered 350/4320, time remaining: 11m 31s
Rendered 351/4320, time remaining: 11m 31s
Rendered 352/4320, time remaining: 11m 33s
Rendered 353/4320, time remaining: 11m 33s
Rendered 354/4320, time remaining: 11m 37s
Rendered 355/4320, time remaining: 11m 36s
Rendered 356/4320, time remaining: 11m 37s
Rendered 357/4320, time remaining: 11m 38s
Rendered 358/4320, time remaining: 11m 40s
Rendered 359/4320, time remaining: 11m 40s
Rendered 360/4320, time remaining: 11m 37s
Rendered 361/4320, time remaining: 11m 37s
Rendered 362/4320, time remaining: 11m 33s
Rendered 363/4320, time remaining: 11m 33s
Rendered 364/4320, time remaining: 11m 28s
Rendered 365/4320, time remaining: 11m 27s
Rendered 366/4320, time remaining: 11m 26s
Rendered 367/4320, time remaining: 11m 22s
Rendered 368/4320, time remaining: 11m 20s
Rendered 369/4320, time remaining: 11m 19s
Rendered 370/4320, time remaining: 11m 18s
Rendered 371/4320, time remaining: 11m 16s
Rendered 372/4320, time remaining: 11m 13s
Rendered 373/4320, time remaining: 11m 12s
Rendered 374/4320, time remaining: 11m 7s
Rendered 375/4320, time remaining: 11m 6s
Rendered 376/4320, time remaining: 11m 2s
Rendered 377/4320, time remaining: 11m 0s
Rendered 378/4320, time remaining: 10m 58s
Rendered 379/4320, time remaining: 10m 57s
Rendered 380/4320, time remaining: 10m 53s
Rendered 381/4320, time remaining: 10m 53s
Rendered 382/4320, time remaining: 10m 49s
Rendered 383/4320, time remaining: 10m 49s
Rendered 384/4320, time remaining: 10m 44s
Rendered 385/4320, time remaining: 10m 43s
Rendered 386/4320, time remaining: 10m 40s
Rendered 387/4320, time remaining: 10m 38s
Rendered 388/4320, time remaining: 10m 35s
Rendered 389/4320, time remaining: 10m 34s
Rendered 390/4320, time remaining: 10m 31s
Rendered 391/4320, time remaining: 10m 23s
Rendered 392/4320, time remaining: 10m 22s
Rendered 393/4320, time remaining: 10m 19s
Rendered 394/4320, time remaining: 10m 17s
Rendered 395/4320, time remaining: 10m 15s
Rendered 396/4320, time remaining: 10m 11s
Rendered 397/4320, time remaining: 10m 10s
Rendered 398/4320, time remaining: 10m 5s
Rendered 399/4320, time remaining: 10m 5s
Rendered 400/4320, time remaining: 9m 59s
Rendered 401/4320, time remaining: 9m 59s
Rendered 402/4320, time remaining: 9m 52s
Rendered 403/4320, time remaining: 9m 46s
Rendered 404/4320, time remaining: 9m 38s
Rendered 405/4320, time remaining: 9m 37s
Rendered 406/4320, time remaining: 9m 33s
Rendered 407/4320, time remaining: 9m 29s
Rendered 408/4320, time remaining: 9m 21s
Rendered 409/4320, time remaining: 9m 37s
Rendered 410/4320, time remaining: 9m 35s
Rendered 411/4320, time remaining: 9m 38s
Rendered 412/4320, time remaining: 9m 33s
Rendered 413/4320, time remaining: 9m 36s
Rendered 414/4320, time remaining: 9m 37s
Rendered 415/4320, time remaining: 9m 36s
Rendered 416/4320, time remaining: 9m 35s
Rendered 417/4320, time remaining: 9m 33s
Rendered 418/4320, time remaining: 9m 36s
Rendered 419/4320, time remaining: 9m 36s
Rendered 420/4320, time remaining: 9m 34s
Rendered 421/4320, time remaining: 9m 35s
Rendered 422/4320, time remaining: 9m 41s
Rendered 423/4320, time remaining: 9m 46s
Rendered 424/4320, time remaining: 9m 48s
Rendered 425/4320, time remaining: 9m 48s
Rendered 426/4320, time remaining: 9m 44s
Rendered 427/4320, time remaining: 9m 39s
Rendered 428/4320, time remaining: 9m 37s
Rendered 429/4320, time remaining: 9m 36s
Rendered 430/4320, time remaining: 9m 39s
Rendered 431/4320, time remaining: 9m 36s
Rendered 432/4320, time remaining: 9m 35s
Rendered 433/4320, time remaining: 9m 36s
Rendered 434/4320, time remaining: 9m 38s
Rendered 435/4320, time remaining: 9m 38s
Rendered 436/4320, time remaining: 9m 35s
Rendered 437/4320, time remaining: 9m 36s
Rendered 438/4320, time remaining: 9m 37s
Rendered 439/4320, time remaining: 9m 38s
Rendered 440/4320, time remaining: 9m 36s
Rendered 441/4320, time remaining: 9m 34s
Rendered 442/4320, time remaining: 9m 37s
Rendered 443/4320, time remaining: 9m 37s
Rendered 444/4320, time remaining: 9m 35s
Rendered 445/4320, time remaining: 9m 35s
Rendered 446/4320, time remaining: 9m 37s
Rendered 447/4320, time remaining: 9m 34s
Rendered 448/4320, time remaining: 9m 33s
Rendered 449/4320, time remaining: 9m 34s
Rendered 450/4320, time remaining: 9m 35s
Rendered 451/4320, time remaining: 9m 34s
Rendered 452/4320, time remaining: 9m 34s
Rendered 453/4320, time remaining: 9m 31s
Rendered 454/4320, time remaining: 9m 39s
Rendered 455/4320, time remaining: 9m 36s
Rendered 456/4320, time remaining: 9m 37s
Rendered 457/4320, time remaining: 9m 36s
Rendered 458/4320, time remaining: 9m 36s
Rendered 459/4320, time remaining: 9m 40s
Rendered 460/4320, time remaining: 9m 38s
Rendered 461/4320, time remaining: 9m 35s
Rendered 462/4320, time remaining: 9m 40s
Rendered 463/4320, time remaining: 9m 38s
Rendered 464/4320, time remaining: 9m 36s
Rendered 465/4320, time remaining: 9m 39s
Rendered 466/4320, time remaining: 9m 38s
Rendered 467/4320, time remaining: 9m 36s
Rendered 468/4320, time remaining: 9m 25s
Rendered 469/4320, time remaining: 9m 27s
Rendered 470/4320, time remaining: 9m 32s
Rendered 471/4320, time remaining: 9m 33s
Rendered 472/4320, time remaining: 9m 30s
Rendered 473/4320, time remaining: 9m 29s
Rendered 474/4320, time remaining: 9m 32s
Rendered 475/4320, time remaining: 9m 31s
Rendered 476/4320, time remaining: 9m 26s
Rendered 477/4320, time remaining: 9m 27s
Rendered 478/4320, time remaining: 9m 26s
Rendered 479/4320, time remaining: 9m 27s
Rendered 480/4320, time remaining: 9m 24s
Rendered 481/4320, time remaining: 9m 23s
Rendered 482/4320, time remaining: 9m 25s
Rendered 483/4320, time remaining: 9m 24s
Rendered 484/4320, time remaining: 9m 22s
Rendered 485/4320, time remaining: 9m 23s
Rendered 486/4320, time remaining: 9m 27s
Rendered 487/4320, time remaining: 9m 24s
Rendered 488/4320, time remaining: 9m 23s
Rendered 489/4320, time remaining: 9m 24s
Rendered 490/4320, time remaining: 9m 26s
Rendered 491/4320, time remaining: 9m 25s
Rendered 492/4320, time remaining: 9m 23s
Rendered 493/4320, time remaining: 9m 23s
Rendered 494/4320, time remaining: 9m 23s
Rendered 495/4320, time remaining: 9m 24s
Rendered 496/4320, time remaining: 9m 23s
Rendered 497/4320, time remaining: 9m 28s
Rendered 498/4320, time remaining: 9m 31s
Rendered 499/4320, time remaining: 9m 35s
Rendered 500/4320, time remaining: 9m 35s
Rendered 501/4320, time remaining: 9m 36s
Rendered 502/4320, time remaining: 9m 36s
Rendered 503/4320, time remaining: 9m 38s
Rendered 504/4320, time remaining: 9m 34s
Rendered 505/4320, time remaining: 9m 35s
Rendered 506/4320, time remaining: 9m 32s
Rendered 507/4320, time remaining: 9m 29s
Rendered 508/4320, time remaining: 9m 24s
Rendered 509/4320, time remaining: 9m 24s
Rendered 510/4320, time remaining: 9m 23s
Rendered 511/4320, time remaining: 9m 22s
Rendered 512/4320, time remaining: 9m 23s
Rendered 513/4320, time remaining: 9m 22s
Rendered 514/4320, time remaining: 9m 23s
Rendered 515/4320, time remaining: 9m 22s
Rendered 516/4320, time remaining: 9m 22s
Rendered 517/4320, time remaining: 9m 22s
Rendered 518/4320, time remaining: 9m 23s
Rendered 519/4320, time remaining: 9m 21s
Rendered 520/4320, time remaining: 9m 22s
Rendered 521/4320, time remaining: 9m 20s
Rendered 522/4320, time remaining: 9m 21s
Rendered 523/4320, time remaining: 9m 20s
Rendered 524/4320, time remaining: 9m 21s
Rendered 525/4320, time remaining: 9m 21s
Rendered 526/4320, time remaining: 9m 23s
Rendered 527/4320, time remaining: 9m 22s
Rendered 528/4320, time remaining: 9m 22s
Rendered 529/4320, time remaining: 9m 22s
Rendered 530/4320, time remaining: 9m 22s
Rendered 531/4320, time remaining: 9m 23s
Rendered 532/4320, time remaining: 9m 23s
Rendered 533/4320, time remaining: 9m 23s
Rendered 534/4320, time remaining: 9m 23s
Rendered 535/4320, time remaining: 9m 23s
Rendered 536/4320, time remaining: 9m 24s
Rendered 537/4320, time remaining: 9m 24s
Rendered 538/4320, time remaining: 9m 24s
Rendered 539/4320, time remaining: 9m 24s
Rendered 540/4320, time remaining: 9m 25s
Rendered 541/4320, time remaining: 9m 24s
Rendered 542/4320, time remaining: 9m 25s
Rendered 543/4320, time remaining: 9m 25s
Rendered 544/4320, time remaining: 9m 26s
Rendered 545/4320, time remaining: 9m 26s
Rendered 546/4320, time remaining: 9m 27s
Rendered 547/4320, time remaining: 9m 26s
Rendered 548/4320, time remaining: 9m 27s
Rendered 549/4320, time remaining: 9m 26s
Rendered 550/4320, time remaining: 9m 28s
Rendered 551/4320, time remaining: 9m 27s
Rendered 552/4320, time remaining: 9m 28s
Rendered 553/4320, time remaining: 9m 27s
Rendered 554/4320, time remaining: 9m 28s
Rendered 555/4320, time remaining: 9m 27s
Rendered 556/4320, time remaining: 9m 29s
Rendered 557/4320, time remaining: 9m 27s
Rendered 558/4320, time remaining: 9m 29s
Rendered 559/4320, time remaining: 9m 13s
Rendered 560/4320, time remaining: 9m 11s
Rendered 561/4320, time remaining: 9m 7s
Rendered 562/4320, time remaining: 9m 6s
Rendered 563/4320, time remaining: 9m 3s
Rendered 564/4320, time remaining: 8m 59s
Rendered 565/4320, time remaining: 8m 59s
Rendered 566/4320, time remaining: 8m 55s
Rendered 567/4320, time remaining: 8m 55s
Rendered 568/4320, time remaining: 8m 48s
Rendered 569/4320, time remaining: 8m 47s
Rendered 570/4320, time remaining: 8m 45s
Rendered 571/4320, time remaining: 8m 43s
Rendered 572/4320, time remaining: 8m 32s
Rendered 573/4320, time remaining: 8m 27s
Rendered 574/4320, time remaining: 8m 18s
Rendered 575/4320, time remaining: 8m 18s
Rendered 576/4320, time remaining: 8m 10s
Rendered 577/4320, time remaining: 8m 10s
Rendered 578/4320, time remaining: 8m 6s
Rendered 579/4320, time remaining: 8m 5s
Rendered 580/4320, time remaining: 7m 59s
Rendered 581/4320, time remaining: 7m 57s
Rendered 582/4320, time remaining: 7m 55s
Rendered 583/4320, time remaining: 7m 53s
Rendered 584/4320, time remaining: 7m 48s
Rendered 585/4320, time remaining: 7m 47s
Rendered 586/4320, time remaining: 7m 45s
Rendered 587/4320, time remaining: 7m 43s
Rendered 588/4320, time remaining: 7m 38s
Rendered 589/4320, time remaining: 7m 36s
Rendered 590/4320, time remaining: 7m 34s
Rendered 591/4320, time remaining: 7m 33s
Rendered 592/4320, time remaining: 7m 28s
Rendered 593/4320, time remaining: 7m 27s
Rendered 594/4320, time remaining: 7m 23s
Rendered 595/4320, time remaining: 7m 23s
Rendered 596/4320, time remaining: 7m 18s
Rendered 597/4320, time remaining: 7m 18s
Rendered 598/4320, time remaining: 7m 15s
Rendered 599/4320, time remaining: 7m 14s
Rendered 600/4320, time remaining: 7m 9s
Rendered 601/4320, time remaining: 7m 9s
Rendered 602/4320, time remaining: 7m 3s
Rendered 603/4320, time remaining: 7m 3s
Rendered 604/4320, time remaining: 6m 54s
Rendered 605/4320, time remaining: 6m 52s
Rendered 606/4320, time remaining: 6m 49s
Rendered 607/4320, time remaining: 6m 48s
Rendered 608/4320, time remaining: 6m 41s
Rendered 609/4320, time remaining: 6m 37s
Rendered 610/4320, time remaining: 6m 34s
Rendered 611/4320, time remaining: 6m 33s
Rendered 612/4320, time remaining: 6m 29s
Rendered 613/4320, time remaining: 6m 27s
Rendered 614/4320, time remaining: 6m 23s
Rendered 615/4320, time remaining: 6m 18s
Rendered 616/4320, time remaining: 6m 13s
Rendered 617/4320, time remaining: 6m 9s
Rendered 618/4320, time remaining: 6m 8s
Rendered 619/4320, time remaining: 6m 4s
Rendered 620/4320, time remaining: 5m 52s
Rendered 621/4320, time remaining: 5m 49s
Rendered 622/4320, time remaining: 5m 46s
Rendered 623/4320, time remaining: 5m 45s
Rendered 624/4320, time remaining: 5m 40s
Rendered 625/4320, time remaining: 5m 38s
Rendered 626/4320, time remaining: 5m 37s
Rendered 627/4320, time remaining: 5m 36s
Rendered 628/4320, time remaining: 5m 30s
Rendered 629/4320, time remaining: 5m 29s
Rendered 630/4320, time remaining: 5m 26s
Rendered 631/4320, time remaining: 5m 25s
Rendered 632/4320, time remaining: 5m 20s
Rendered 633/4320, time remaining: 5m 18s
Rendered 634/4320, time remaining: 5m 15s
Rendered 635/4320, time remaining: 5m 11s
Rendered 636/4320, time remaining: 5m 7s
Rendered 637/4320, time remaining: 5m 5s
Rendered 638/4320, time remaining: 5m 2s
Rendered 639/4320, time remaining: 5m 0s
Rendered 640/4320, time remaining: 4m 54s
Rendered 641/4320, time remaining: 4m 52s
Rendered 642/4320, time remaining: 4m 49s
Rendered 643/4320, time remaining: 4m 45s
Rendered 644/4320, time remaining: 4m 42s
Rendered 645/4320, time remaining: 4m 38s
Rendered 646/4320, time remaining: 4m 34s
Rendered 647/4320, time remaining: 4m 27s
Rendered 648/4320, time remaining: 4m 21s
Rendered 649/4320, time remaining: 4m 14s
Rendered 650/4320, time remaining: 4m 9s
Rendered 651/4320, time remaining: 4m 6s
Rendered 652/4320, time remaining: 4m 2s
Rendered 653/4320, time remaining: 3m 59s
Rendered 654/4320, time remaining: 3m 56s
Rendered 655/4320, time remaining: 3m 54s
Rendered 656/4320, time remaining: 3m 53s
Rendered 657/4320, time remaining: 3m 52s
Rendered 658/4320, time remaining: 3m 52s
Rendered 659/4320, time remaining: 3m 52s
Rendered 660/4320, time remaining: 3m 51s
Rendered 661/4320, time remaining: 3m 51s
Rendered 662/4320, time remaining: 3m 51s
Rendered 663/4320, time remaining: 3m 50s
Rendered 664/4320, time remaining: 3m 50s
Rendered 665/4320, time remaining: 3m 50s
Rendered 666/4320, time remaining: 3m 50s
Rendered 667/4320, time remaining: 3m 49s
Rendered 668/4320, time remaining: 3m 49s
Rendered 669/4320, time remaining: 3m 49s
Rendered 670/4320, time remaining: 3m 49s
Rendered 671/4320, time remaining: 3m 48s
Rendered 672/4320, time remaining: 3m 48s
Rendered 673/4320, time remaining: 3m 47s
Rendered 674/4320, time remaining: 3m 47s
Rendered 675/4320, time remaining: 3m 46s
Rendered 676/4320, time remaining: 3m 45s
Rendered 677/4320, time remaining: 3m 45s
Rendered 678/4320, time remaining: 3m 44s
Rendered 679/4320, time remaining: 3m 44s
Rendered 680/4320, time remaining: 3m 44s
Rendered 681/4320, time remaining: 3m 43s
Rendered 682/4320, time remaining: 3m 43s
Rendered 683/4320, time remaining: 3m 43s
Rendered 684/4320, time remaining: 3m 42s
Rendered 685/4320, time remaining: 3m 42s
Rendered 686/4320, time remaining: 3m 41s
Rendered 687/4320, time remaining: 3m 41s
Rendered 688/4320, time remaining: 3m 40s
Rendered 689/4320, time remaining: 3m 40s
Rendered 690/4320, time remaining: 3m 39s
Rendered 691/4320, time remaining: 3m 39s
Rendered 692/4320, time remaining: 3m 38s
Rendered 693/4320, time remaining: 3m 38s
Rendered 694/4320, time remaining: 3m 37s
Rendered 695/4320, time remaining: 3m 37s
Rendered 696/4320, time remaining: 3m 36s
Rendered 697/4320, time remaining: 3m 36s
Rendered 698/4320, time remaining: 3m 35s
Rendered 699/4320, time remaining: 3m 35s
Rendered 700/4320, time remaining: 3m 34s
Rendered 701/4320, time remaining: 3m 34s
Rendered 702/4320, time remaining: 3m 33s
Rendered 703/4320, time remaining: 3m 34s
Rendered 704/4320, time remaining: 3m 33s
Rendered 705/4320, time remaining: 3m 33s
Rendered 706/4320, time remaining: 3m 31s
Rendered 707/4320, time remaining: 3m 32s
Rendered 708/4320, time remaining: 3m 30s
Rendered 709/4320, time remaining: 3m 30s
Rendered 710/4320, time remaining: 3m 29s
Rendered 711/4320, time remaining: 3m 30s
Rendered 712/4320, time remaining: 3m 28s
Rendered 713/4320, time remaining: 3m 28s
Rendered 714/4320, time remaining: 3m 27s
Rendered 715/4320, time remaining: 3m 27s
Rendered 716/4320, time remaining: 3m 26s
Rendered 717/4320, time remaining: 3m 26s
Rendered 718/4320, time remaining: 3m 24s
Rendered 719/4320, time remaining: 3m 24s
Rendered 720/4320, time remaining: 3m 23s
Rendered 721/4320, time remaining: 3m 23s
Rendered 722/4320, time remaining: 3m 22s
Rendered 723/4320, time remaining: 3m 22s
Rendered 724/4320, time remaining: 3m 21s
Rendered 725/4320, time remaining: 3m 21s
Rendered 726/4320, time remaining: 3m 20s
Rendered 727/4320, time remaining: 3m 20s
Rendered 728/4320, time remaining: 3m 20s
Rendered 729/4320, time remaining: 3m 20s
Rendered 730/4320, time remaining: 3m 19s
Rendered 731/4320, time remaining: 3m 20s
Rendered 732/4320, time remaining: 3m 19s
Rendered 733/4320, time remaining: 3m 19s
Rendered 734/4320, time remaining: 3m 19s
Rendered 735/4320, time remaining: 3m 19s
Rendered 736/4320, time remaining: 3m 18s
Rendered 737/4320, time remaining: 3m 19s
Rendered 738/4320, time remaining: 3m 18s
Rendered 739/4320, time remaining: 3m 18s
Rendered 740/4320, time remaining: 3m 20s
Rendered 741/4320, time remaining: 3m 24s
Rendered 742/4320, time remaining: 3m 26s
Rendered 743/4320, time remaining: 3m 28s
Rendered 744/4320, time remaining: 3m 29s
Rendered 745/4320, time remaining: 3m 29s
Rendered 746/4320, time remaining: 3m 31s
Rendered 747/4320, time remaining: 3m 30s
Rendered 748/4320, time remaining: 3m 32s
Rendered 749/4320, time remaining: 3m 32s
Rendered 750/4320, time remaining: 3m 33s
Rendered 751/4320, time remaining: 3m 33s
Rendered 752/4320, time remaining: 3m 33s
Rendered 753/4320, time remaining: 3m 35s
Rendered 754/4320, time remaining: 3m 34s
Rendered 755/4320, time remaining: 3m 35s
Rendered 756/4320, time remaining: 3m 35s
Rendered 757/4320, time remaining: 3m 35s
Rendered 758/4320, time remaining: 3m 35s
Rendered 759/4320, time remaining: 3m 35s
Rendered 760/4320, time remaining: 3m 37s
Rendered 761/4320, time remaining: 3m 35s
Rendered 762/4320, time remaining: 3m 34s
Rendered 763/4320, time remaining: 3m 34s
Rendered 764/4320, time remaining: 3m 34s
Rendered 765/4320, time remaining: 3m 33s
Rendered 766/4320, time remaining: 3m 33s
Rendered 767/4320, time remaining: 3m 33s
Rendered 768/4320, time remaining: 3m 33s
Rendered 769/4320, time remaining: 3m 33s
Rendered 770/4320, time remaining: 3m 33s
Rendered 771/4320, time remaining: 3m 33s
Rendered 772/4320, time remaining: 3m 32s
Rendered 773/4320, time remaining: 3m 32s
Rendered 774/4320, time remaining: 3m 32s
Rendered 775/4320, time remaining: 3m 31s
Rendered 776/4320, time remaining: 3m 30s
Rendered 777/4320, time remaining: 3m 29s
Rendered 778/4320, time remaining: 3m 29s
Rendered 779/4320, time remaining: 3m 28s
Rendered 780/4320, time remaining: 3m 28s
Rendered 781/4320, time remaining: 3m 28s
Rendered 782/4320, time remaining: 3m 28s
Rendered 783/4320, time remaining: 3m 27s
Rendered 784/4320, time remaining: 3m 27s
Rendered 785/4320, time remaining: 3m 26s
Rendered 786/4320, time remaining: 3m 26s
Rendered 787/4320, time remaining: 3m 26s
Rendered 788/4320, time remaining: 3m 25s
Rendered 789/4320, time remaining: 3m 25s
Rendered 790/4320, time remaining: 3m 24s
Rendered 791/4320, time remaining: 3m 24s
Rendered 792/4320, time remaining: 3m 23s
Rendered 793/4320, time remaining: 3m 33s
Rendered 794/4320, time remaining: 3m 34s
Rendered 795/4320, time remaining: 3m 38s
Rendered 796/4320, time remaining: 3m 40s
Rendered 797/4320, time remaining: 3m 43s
Rendered 798/4320, time remaining: 3m 48s
Rendered 799/4320, time remaining: 3m 50s
Rendered 800/4320, time remaining: 3m 54s
Rendered 801/4320, time remaining: 3m 57s
Rendered 802/4320, time remaining: 4m 5s
Rendered 803/4320, time remaining: 4m 7s
Rendered 804/4320, time remaining: 4m 12s
Rendered 805/4320, time remaining: 4m 15s
Rendered 806/4320, time remaining: 4m 22s
Rendered 807/4320, time remaining: 4m 25s
Rendered 808/4320, time remaining: 4m 28s
Rendered 809/4320, time remaining: 4m 31s
Rendered 810/4320, time remaining: 4m 37s
Rendered 811/4320, time remaining: 4m 38s
Rendered 812/4320, time remaining: 4m 43s
Rendered 813/4320, time remaining: 4m 44s
Rendered 814/4320, time remaining: 4m 49s
Rendered 815/4320, time remaining: 4m 52s
Rendered 816/4320, time remaining: 4m 56s
Rendered 817/4320, time remaining: 4m 58s
Rendered 818/4320, time remaining: 5m 4s
Rendered 819/4320, time remaining: 5m 4s
Rendered 820/4320, time remaining: 5m 9s
Rendered 821/4320, time remaining: 5m 12s
Rendered 822/4320, time remaining: 5m 22s
Rendered 823/4320, time remaining: 5m 27s
Rendered 824/4320, time remaining: 5m 34s
Rendered 825/4320, time remaining: 5m 39s
Rendered 826/4320, time remaining: 5m 47s
Rendered 827/4320, time remaining: 5m 49s
Rendered 828/4320, time remaining: 5m 55s
Rendered 829/4320, time remaining: 6m 0s
Rendered 830/4320, time remaining: 6m 7s
Rendered 831/4320, time remaining: 6m 9s
Rendered 832/4320, time remaining: 6m 13s
Rendered 833/4320, time remaining: 6m 17s
Rendered 834/4320, time remaining: 6m 22s
Rendered 835/4320, time remaining: 6m 29s
Rendered 836/4320, time remaining: 6m 32s
Rendered 837/4320, time remaining: 6m 35s
Rendered 838/4320, time remaining: 6m 41s
Rendered 839/4320, time remaining: 6m 41s
Rendered 840/4320, time remaining: 6m 47s
Rendered 841/4320, time remaining: 6m 48s
Rendered 842/4320, time remaining: 6m 54s
Rendered 843/4320, time remaining: 6m 55s
Rendered 844/4320, time remaining: 7m 1s
Rendered 845/4320, time remaining: 7m 3s
Rendered 846/4320, time remaining: 7m 16s
Rendered 847/4320, time remaining: 7m 16s
Rendered 848/4320, time remaining: 7m 35s
Rendered 849/4320, time remaining: 7m 41s
Rendered 850/4320, time remaining: 7m 50s
Rendered 851/4320, time remaining: 7m 57s
Rendered 852/4320, time remaining: 8m 3s
Rendered 853/4320, time remaining: 8m 6s
Rendered 854/4320, time remaining: 8m 15s
Rendered 855/4320, time remaining: 8m 19s
Rendered 856/4320, time remaining: 8m 24s
Rendered 857/4320, time remaining: 8m 27s
Rendered 858/4320, time remaining: 8m 36s
Rendered 859/4320, time remaining: 8m 36s
Rendered 860/4320, time remaining: 8m 44s
Rendered 861/4320, time remaining: 8m 44s
Rendered 862/4320, time remaining: 8m 52s
Rendered 863/4320, time remaining: 8m 55s
Rendered 864/4320, time remaining: 8m 59s
Rendered 865/4320, time remaining: 9m 1s
Rendered 866/4320, time remaining: 9m 10s
Rendered 867/4320, time remaining: 9m 9s
Rendered 868/4320, time remaining: 9m 15s
Rendered 869/4320, time remaining: 9m 19s
Rendered 870/4320, time remaining: 9m 24s
Rendered 871/4320, time remaining: 9m 26s
Rendered 872/4320, time remaining: 9m 31s
Rendered 873/4320, time remaining: 9m 34s
Rendered 874/4320, time remaining: 9m 40s
Rendered 875/4320, time remaining: 9m 41s
Rendered 876/4320, time remaining: 9m 48s
Rendered 877/4320, time remaining: 9m 50s
Rendered 878/4320, time remaining: 9m 57s
Rendered 879/4320, time remaining: 9m 59s
Rendered 880/4320, time remaining: 10m 4s
Rendered 881/4320, time remaining: 10m 7s
Rendered 882/4320, time remaining: 10m 12s
Rendered 883/4320, time remaining: 10m 29s
Rendered 884/4320, time remaining: 10m 38s
Rendered 885/4320, time remaining: 11m 0s
Rendered 886/4320, time remaining: 11m 8s
Rendered 887/4320, time remaining: 11m 14s
Rendered 888/4320, time remaining: 11m 20s
Rendered 889/4320, time remaining: 11m 29s
Rendered 890/4320, time remaining: 11m 40s
Rendered 891/4320, time remaining: 11m 49s
Rendered 892/4320, time remaining: 11m 48s
Rendered 893/4320, time remaining: 11m 57s
Rendered 894/4320, time remaining: 12m 4s
Rendered 895/4320, time remaining: 12m 11s
Rendered 896/4320, time remaining: 12m 23s
Rendered 897/4320, time remaining: 12m 30s
Rendered 898/4320, time remaining: 12m 38s
Rendered 899/4320, time remaining: 12m 40s
Rendered 900/4320, time remaining: 12m 51s
Rendered 901/4320, time remaining: 13m 5s
Rendered 902/4320, time remaining: 13m 19s
Rendered 903/4320, time remaining: 13m 23s
Rendered 904/4320, time remaining: 13m 31s
Rendered 905/4320, time remaining: 13m 37s
Rendered 906/4320, time remaining: 13m 44s
Rendered 907/4320, time remaining: 13m 49s
Rendered 908/4320, time remaining: 13m 54s
Rendered 909/4320, time remaining: 14m 2s
Rendered 910/4320, time remaining: 14m 10s
Rendered 911/4320, time remaining: 14m 18s
Rendered 912/4320, time remaining: 14m 19s
Rendered 913/4320, time remaining: 14m 21s
Rendered 914/4320, time remaining: 14m 21s
Rendered 915/4320, time remaining: 14m 22s
Rendered 916/4320, time remaining: 14m 21s
Rendered 917/4320, time remaining: 14m 21s
Rendered 918/4320, time remaining: 14m 20s
Rendered 919/4320, time remaining: 14m 20s
Rendered 920/4320, time remaining: 14m 19s
Rendered 921/4320, time remaining: 14m 19s
Rendered 922/4320, time remaining: 14m 19s
Rendered 923/4320, time remaining: 14m 20s
Rendered 924/4320, time remaining: 14m 19s
Rendered 925/4320, time remaining: 14m 20s
Rendered 926/4320, time remaining: 14m 19s
Rendered 927/4320, time remaining: 14m 20s
Rendered 928/4320, time remaining: 14m 19s
Rendered 929/4320, time remaining: 14m 19s
Rendered 930/4320, time remaining: 14m 18s
Rendered 931/4320, time remaining: 14m 20s
Rendered 932/4320, time remaining: 14m 18s
Rendered 933/4320, time remaining: 14m 19s
Rendered 934/4320, time remaining: 14m 17s
Rendered 935/4320, time remaining: 14m 19s
Rendered 936/4320, time remaining: 14m 17s
Rendered 937/4320, time remaining: 14m 18s
Rendered 938/4320, time remaining: 14m 17s
Rendered 939/4320, time remaining: 14m 19s
Rendered 940/4320, time remaining: 14m 17s
Rendered 941/4320, time remaining: 14m 22s
Rendered 942/4320, time remaining: 14m 20s
Rendered 943/4320, time remaining: 14m 11s
Rendered 944/4320, time remaining: 14m 9s
Rendered 945/4320, time remaining: 14m 5s
Rendered 946/4320, time remaining: 14m 2s
Rendered 947/4320, time remaining: 13m 59s
Rendered 948/4320, time remaining: 13m 53s
Rendered 949/4320, time remaining: 13m 52s
Rendered 950/4320, time remaining: 13m 48s
Rendered 951/4320, time remaining: 13m 45s
Rendered 952/4320, time remaining: 13m 35s
Rendered 953/4320, time remaining: 13m 35s
Rendered 954/4320, time remaining: 13m 28s
Rendered 955/4320, time remaining: 13m 26s
Rendered 956/4320, time remaining: 13m 18s
Rendered 957/4320, time remaining: 13m 17s
Rendered 958/4320, time remaining: 13m 12s
Rendered 959/4320, time remaining: 13m 10s
Rendered 960/4320, time remaining: 13m 3s
Rendered 961/4320, time remaining: 13m 3s
Rendered 962/4320, time remaining: 12m 57s
Rendered 963/4320, time remaining: 12m 57s
Rendered 964/4320, time remaining: 12m 51s
Rendered 965/4320, time remaining: 12m 49s
Rendered 966/4320, time remaining: 12m 44s
Rendered 967/4320, time remaining: 12m 43s
Rendered 968/4320, time remaining: 12m 36s
Rendered 969/4320, time remaining: 12m 36s
Rendered 970/4320, time remaining: 12m 31s
Rendered 971/4320, time remaining: 12m 28s
Rendered 972/4320, time remaining: 12m 18s
Rendered 973/4320, time remaining: 12m 14s
Rendered 974/4320, time remaining: 12m 7s
Rendered 975/4320, time remaining: 12m 2s
Rendered 976/4320, time remaining: 11m 54s
Rendered 977/4320, time remaining: 11m 53s
Rendered 978/4320, time remaining: 11m 47s
Rendered 979/4320, time remaining: 11m 42s
Rendered 980/4320, time remaining: 11m 35s
Rendered 981/4320, time remaining: 11m 33s
Rendered 982/4320, time remaining: 11m 29s
Rendered 983/4320, time remaining: 11m 24s
Rendered 984/4320, time remaining: 11m 20s
Rendered 985/4320, time remaining: 11m 13s
Rendered 986/4320, time remaining: 11m 11s
Rendered 987/4320, time remaining: 11m 7s
Rendered 988/4320, time remaining: 11m 3s
Rendered 989/4320, time remaining: 11m 1s
Rendered 990/4320, time remaining: 10m 57s
Rendered 991/4320, time remaining: 10m 55s
Rendered 992/4320, time remaining: 10m 49s
Rendered 993/4320, time remaining: 10m 48s
Rendered 994/4320, time remaining: 10m 43s
Rendered 995/4320, time remaining: 10m 40s
Rendered 996/4320, time remaining: 10m 29s
Rendered 997/4320, time remaining: 10m 28s
Rendered 998/4320, time remaining: 10m 11s
Rendered 999/4320, time remaining: 10m 5s
Rendered 1000/4320, time remaining: 9m 59s
Rendered 1001/4320, time remaining: 9m 51s
Rendered 1002/4320, time remaining: 9m 48s
Rendered 1003/4320, time remaining: 9m 43s
Rendered 1004/4320, time remaining: 9m 36s
Rendered 1005/4320, time remaining: 9m 31s
Rendered 1006/4320, time remaining: 9m 28s
Rendered 1007/4320, time remaining: 9m 23s
Rendered 1008/4320, time remaining: 9m 17s
Rendered 1009/4320, time remaining: 9m 16s
Rendered 1010/4320, time remaining: 9m 14s
Rendered 1011/4320, time remaining: 9m 12s
Rendered 1012/4320, time remaining: 9m 6s
Rendered 1013/4320, time remaining: 9m 2s
Rendered 1014/4320, time remaining: 9m 0s
Rendered 1015/4320, time remaining: 8m 57s
Rendered 1016/4320, time remaining: 8m 50s
Rendered 1017/4320, time remaining: 8m 50s
Rendered 1018/4320, time remaining: 8m 45s
Rendered 1019/4320, time remaining: 8m 41s
Rendered 1020/4320, time remaining: 8m 36s
Rendered 1021/4320, time remaining: 8m 34s
Rendered 1022/4320, time remaining: 8m 31s
Rendered 1023/4320, time remaining: 8m 27s
Rendered 1024/4320, time remaining: 8m 22s
Rendered 1025/4320, time remaining: 8m 20s
Rendered 1026/4320, time remaining: 8m 14s
Rendered 1027/4320, time remaining: 8m 12s
Rendered 1028/4320, time remaining: 8m 5s
Rendered 1029/4320, time remaining: 8m 4s
Rendered 1030/4320, time remaining: 7m 58s
Rendered 1031/4320, time remaining: 7m 55s
Rendered 1032/4320, time remaining: 7m 50s
Rendered 1033/4320, time remaining: 7m 35s
Rendered 1034/4320, time remaining: 7m 24s
Rendered 1035/4320, time remaining: 7m 5s
Rendered 1036/4320, time remaining: 6m 55s
Rendered 1037/4320, time remaining: 6m 51s
Rendered 1038/4320, time remaining: 6m 44s
Rendered 1039/4320, time remaining: 6m 35s
Rendered 1040/4320, time remaining: 6m 22s
Rendered 1041/4320, time remaining: 6m 12s
Rendered 1042/4320, time remaining: 6m 8s
Rendered 1043/4320, time remaining: 5m 58s
Rendered 1044/4320, time remaining: 5m 50s
Rendered 1045/4320, time remaining: 5m 43s
Rendered 1046/4320, time remaining: 5m 29s
Rendered 1047/4320, time remaining: 5m 25s
Rendered 1048/4320, time remaining: 5m 14s
Rendered 1049/4320, time remaining: 5m 13s
Rendered 1050/4320, time remaining: 4m 59s
Rendered 1051/4320, time remaining: 4m 47s
Rendered 1052/4320, time remaining: 4m 32s
Rendered 1053/4320, time remaining: 4m 28s
Rendered 1054/4320, time remaining: 4m 21s
Rendered 1055/4320, time remaining: 4m 14s
Rendered 1056/4320, time remaining: 4m 8s
Rendered 1057/4320, time remaining: 4m 2s
Rendered 1058/4320, time remaining: 3m 57s
Rendered 1059/4320, time remaining: 3m 48s
Rendered 1060/4320, time remaining: 3m 39s
Rendered 1061/4320, time remaining: 3m 32s
Rendered 1062/4320, time remaining: 3m 31s
Rendered 1063/4320, time remaining: 3m 28s
Rendered 1064/4320, time remaining: 3m 28s
Rendered 1065/4320, time remaining: 3m 27s
Rendered 1066/4320, time remaining: 3m 28s
Rendered 1067/4320, time remaining: 3m 28s
Rendered 1068/4320, time remaining: 3m 29s
Rendered 1069/4320, time remaining: 3m 28s
Rendered 1070/4320, time remaining: 3m 30s
Rendered 1071/4320, time remaining: 3m 29s
Rendered 1072/4320, time remaining: 3m 30s
Rendered 1073/4320, time remaining: 3m 28s
Rendered 1074/4320, time remaining: 3m 29s
Rendered 1075/4320, time remaining: 3m 28s
Rendered 1076/4320, time remaining: 3m 28s
Rendered 1077/4320, time remaining: 3m 27s
Rendered 1078/4320, time remaining: 3m 28s
Rendered 1079/4320, time remaining: 3m 27s
Rendered 1080/4320, time remaining: 3m 28s
Rendered 1081/4320, time remaining: 3m 26s
Rendered 1082/4320, time remaining: 3m 28s
Rendered 1083/4320, time remaining: 3m 27s
Rendered 1084/4320, time remaining: 3m 28s
Rendered 1085/4320, time remaining: 3m 27s
Rendered 1086/4320, time remaining: 3m 28s
Rendered 1087/4320, time remaining: 3m 26s
Rendered 1088/4320, time remaining: 3m 28s
Rendered 1089/4320, time remaining: 3m 26s
Rendered 1090/4320, time remaining: 3m 27s
Rendered 1091/4320, time remaining: 3m 22s
Rendered 1092/4320, time remaining: 3m 24s
Rendered 1093/4320, time remaining: 3m 22s
Rendered 1094/4320, time remaining: 3m 23s
Rendered 1095/4320, time remaining: 3m 22s
Rendered 1096/4320, time remaining: 3m 23s
Rendered 1097/4320, time remaining: 3m 22s
Rendered 1098/4320, time remaining: 3m 23s
Rendered 1099/4320, time remaining: 3m 22s
Rendered 1100/4320, time remaining: 3m 22s
Rendered 1101/4320, time remaining: 3m 22s
Rendered 1102/4320, time remaining: 3m 22s
Rendered 1103/4320, time remaining: 3m 22s
Rendered 1104/4320, time remaining: 3m 23s
Rendered 1105/4320, time remaining: 3m 22s
Rendered 1106/4320, time remaining: 3m 22s
Rendered 1107/4320, time remaining: 3m 21s
Rendered 1108/4320, time remaining: 3m 22s
Rendered 1109/4320, time remaining: 3m 21s
Rendered 1110/4320, time remaining: 3m 22s
Rendered 1111/4320, time remaining: 3m 21s
Rendered 1112/4320, time remaining: 3m 21s
Rendered 1113/4320, time remaining: 3m 21s
Rendered 1114/4320, time remaining: 3m 21s
Rendered 1115/4320, time remaining: 3m 21s
Rendered 1116/4320, time remaining: 3m 21s
Rendered 1117/4320, time remaining: 3m 20s
Rendered 1118/4320, time remaining: 3m 21s
Rendered 1119/4320, time remaining: 3m 20s
Rendered 1120/4320, time remaining: 3m 20s
Rendered 1121/4320, time remaining: 3m 20s
Rendered 1122/4320, time remaining: 3m 20s
Rendered 1123/4320, time remaining: 3m 19s
Rendered 1124/4320, time remaining: 3m 19s
Rendered 1125/4320, time remaining: 3m 19s
Rendered 1126/4320, time remaining: 3m 19s
Rendered 1127/4320, time remaining: 3m 19s
Rendered 1128/4320, time remaining: 3m 19s
Rendered 1129/4320, time remaining: 3m 20s
Rendered 1130/4320, time remaining: 3m 18s
Rendered 1131/4320, time remaining: 3m 19s
Rendered 1132/4320, time remaining: 3m 18s
Rendered 1133/4320, time remaining: 3m 19s
Rendered 1134/4320, time remaining: 3m 18s
Rendered 1135/4320, time remaining: 3m 19s
Rendered 1136/4320, time remaining: 3m 18s
Rendered 1137/4320, time remaining: 3m 19s
Rendered 1138/4320, time remaining: 3m 18s
Rendered 1139/4320, time remaining: 3m 18s
Rendered 1140/4320, time remaining: 3m 17s
Rendered 1141/4320, time remaining: 3m 19s
Rendered 1142/4320, time remaining: 3m 18s
Rendered 1143/4320, time remaining: 3m 19s
Rendered 1144/4320, time remaining: 3m 19s
Rendered 1145/4320, time remaining: 3m 19s
Rendered 1146/4320, time remaining: 3m 19s
Rendered 1147/4320, time remaining: 3m 20s
Rendered 1148/4320, time remaining: 3m 19s
Rendered 1149/4320, time remaining: 3m 19s
Rendered 1150/4320, time remaining: 3m 16s
Rendered 1151/4320, time remaining: 3m 17s
Rendered 1152/4320, time remaining: 3m 15s
Rendered 1153/4320, time remaining: 3m 16s
Rendered 1154/4320, time remaining: 3m 15s
Rendered 1155/4320, time remaining: 3m 15s
Rendered 1156/4320, time remaining: 3m 14s
Rendered 1157/4320, time remaining: 3m 14s
Rendered 1158/4320, time remaining: 3m 13s
Rendered 1159/4320, time remaining: 3m 13s
Rendered 1160/4320, time remaining: 3m 9s
Rendered 1161/4320, time remaining: 3m 10s
Rendered 1162/4320, time remaining: 3m 9s
Rendered 1163/4320, time remaining: 3m 9s
Rendered 1164/4320, time remaining: 3m 8s
Rendered 1165/4320, time remaining: 3m 8s
Rendered 1166/4320, time remaining: 3m 7s
Rendered 1167/4320, time remaining: 3m 7s
Rendered 1168/4320, time remaining: 3m 7s
Rendered 1169/4320, time remaining: 3m 6s
Rendered 1170/4320, time remaining: 3m 7s
Rendered 1171/4320, time remaining: 3m 6s
Rendered 1172/4320, time remaining: 3m 6s
Rendered 1173/4320, time remaining: 3m 5s
Rendered 1174/4320, time remaining: 3m 6s
Rendered 1175/4320, time remaining: 3m 5s
Rendered 1176/4320, time remaining: 3m 5s
Rendered 1177/4320, time remaining: 3m 5s
Rendered 1178/4320, time remaining: 3m 5s
Rendered 1179/4320, time remaining: 3m 4s
Rendered 1180/4320, time remaining: 3m 4s
Rendered 1181/4320, time remaining: 3m 3s
Rendered 1182/4320, time remaining: 3m 4s
Rendered 1183/4320, time remaining: 3m 2s
Rendered 1184/4320, time remaining: 3m 4s
Rendered 1185/4320, time remaining: 3m 1s
Rendered 1186/4320, time remaining: 3m 4s
Rendered 1187/4320, time remaining: 3m 1s
Rendered 1188/4320, time remaining: 3m 2s
Rendered 1189/4320, time remaining: 3m 1s
Rendered 1190/4320, time remaining: 3m 2s
Rendered 1191/4320, time remaining: 2m 59s
Rendered 1192/4320, time remaining: 3m 1s
Rendered 1193/4320, time remaining: 3m 0s
Rendered 1194/4320, time remaining: 3m 0s
Rendered 1195/4320, time remaining: 3m 0s
Rendered 1196/4320, time remaining: 2m 59s
Rendered 1197/4320, time remaining: 2m 58s
Rendered 1198/4320, time remaining: 2m 58s
Rendered 1199/4320, time remaining: 2m 59s
Rendered 1200/4320, time remaining: 2m 59s
Rendered 1201/4320, time remaining: 2m 58s
Rendered 1202/4320, time remaining: 2m 58s
Rendered 1203/4320, time remaining: 2m 57s
Rendered 1204/4320, time remaining: 2m 55s
Rendered 1205/4320, time remaining: 2m 55s
Rendered 1206/4320, time remaining: 2m 55s
Rendered 1207/4320, time remaining: 2m 56s
Rendered 1208/4320, time remaining: 2m 54s
Rendered 1209/4320, time remaining: 2m 55s
Rendered 1210/4320, time remaining: 2m 54s
Rendered 1211/4320, time remaining: 2m 54s
Rendered 1212/4320, time remaining: 2m 53s
Rendered 1213/4320, time remaining: 2m 54s
Rendered 1214/4320, time remaining: 2m 53s
Rendered 1215/4320, time remaining: 2m 53s
Rendered 1216/4320, time remaining: 2m 52s
Rendered 1217/4320, time remaining: 2m 53s
Rendered 1218/4320, time remaining: 2m 51s
Rendered 1219/4320, time remaining: 2m 51s
Rendered 1220/4320, time remaining: 2m 49s
Rendered 1221/4320, time remaining: 2m 49s
Rendered 1222/4320, time remaining: 2m 49s
Rendered 1223/4320, time remaining: 2m 49s
Rendered 1224/4320, time remaining: 2m 48s
Rendered 1225/4320, time remaining: 2m 49s
Rendered 1226/4320, time remaining: 2m 47s
Rendered 1227/4320, time remaining: 2m 48s
Rendered 1228/4320, time remaining: 2m 47s
Rendered 1229/4320, time remaining: 2m 47s
Rendered 1230/4320, time remaining: 2m 47s
Rendered 1231/4320, time remaining: 2m 47s
Rendered 1232/4320, time remaining: 2m 46s
Rendered 1233/4320, time remaining: 2m 47s
Rendered 1234/4320, time remaining: 2m 46s
Rendered 1235/4320, time remaining: 2m 46s
Rendered 1236/4320, time remaining: 2m 45s
Rendered 1237/4320, time remaining: 2m 46s
Rendered 1238/4320, time remaining: 2m 45s
Rendered 1239/4320, time remaining: 2m 45s
Rendered 1240/4320, time remaining: 2m 44s
Rendered 1241/4320, time remaining: 2m 44s
Rendered 1242/4320, time remaining: 2m 44s
Rendered 1243/4320, time remaining: 2m 44s
Rendered 1244/4320, time remaining: 2m 43s
Rendered 1245/4320, time remaining: 2m 44s
Rendered 1246/4320, time remaining: 2m 43s
Rendered 1247/4320, time remaining: 2m 43s
Rendered 1248/4320, time remaining: 2m 42s
Rendered 1249/4320, time remaining: 2m 43s
Rendered 1250/4320, time remaining: 2m 42s
Rendered 1251/4320, time remaining: 2m 42s
Rendered 1252/4320, time remaining: 2m 41s
Rendered 1253/4320, time remaining: 2m 41s
Rendered 1254/4320, time remaining: 2m 41s
Rendered 1255/4320, time remaining: 2m 41s
Rendered 1256/4320, time remaining: 2m 40s
Rendered 1257/4320, time remaining: 2m 40s
Rendered 1258/4320, time remaining: 2m 40s
Rendered 1259/4320, time remaining: 2m 40s
Rendered 1260/4320, time remaining: 2m 39s
Rendered 1261/4320, time remaining: 2m 40s
Rendered 1262/4320, time remaining: 2m 39s
Rendered 1263/4320, time remaining: 2m 39s
Rendered 1264/4320, time remaining: 2m 38s
Rendered 1265/4320, time remaining: 2m 38s
Rendered 1266/4320, time remaining: 2m 38s
Rendered 1267/4320, time remaining: 2m 38s
Rendered 1268/4320, time remaining: 2m 37s
Rendered 1269/4320, time remaining: 2m 37s
Rendered 1270/4320, time remaining: 2m 37s
Rendered 1271/4320, time remaining: 2m 36s
Rendered 1272/4320, time remaining: 2m 36s
Rendered 1273/4320, time remaining: 2m 36s
Rendered 1274/4320, time remaining: 2m 36s
Rendered 1275/4320, time remaining: 2m 36s
Rendered 1276/4320, time remaining: 2m 36s
Rendered 1277/4320, time remaining: 2m 35s
Rendered 1278/4320, time remaining: 2m 35s
Rendered 1279/4320, time remaining: 2m 34s
Rendered 1280/4320, time remaining: 2m 34s
Rendered 1281/4320, time remaining: 2m 33s
Rendered 1282/4320, time remaining: 2m 34s
Rendered 1283/4320, time remaining: 2m 33s
Rendered 1284/4320, time remaining: 2m 33s
Rendered 1285/4320, time remaining: 2m 33s
Rendered 1286/4320, time remaining: 2m 33s
Rendered 1287/4320, time remaining: 2m 32s
Rendered 1288/4320, time remaining: 2m 32s
Rendered 1289/4320, time remaining: 2m 33s
Rendered 1290/4320, time remaining: 2m 32s
Rendered 1291/4320, time remaining: 2m 31s
Rendered 1292/4320, time remaining: 2m 31s
Rendered 1293/4320, time remaining: 2m 31s
Rendered 1294/4320, time remaining: 2m 29s
Rendered 1295/4320, time remaining: 2m 29s
Rendered 1296/4320, time remaining: 2m 29s
Rendered 1297/4320, time remaining: 2m 29s
Rendered 1298/4320, time remaining: 2m 29s
Rendered 1299/4320, time remaining: 2m 29s
Rendered 1300/4320, time remaining: 2m 29s
Rendered 1301/4320, time remaining: 2m 28s
Rendered 1302/4320, time remaining: 2m 28s
Rendered 1303/4320, time remaining: 2m 28s
Rendered 1304/4320, time remaining: 2m 28s
Rendered 1305/4320, time remaining: 2m 28s
Rendered 1306/4320, time remaining: 2m 28s
Rendered 1307/4320, time remaining: 2m 29s
Rendered 1308/4320, time remaining: 2m 27s
Rendered 1309/4320, time remaining: 2m 28s
Rendered 1310/4320, time remaining: 2m 27s
Rendered 1311/4320, time remaining: 2m 27s
Rendered 1312/4320, time remaining: 2m 27s
Rendered 1313/4320, time remaining: 2m 27s
Rendered 1314/4320, time remaining: 2m 26s
Rendered 1315/4320, time remaining: 2m 26s
Rendered 1316/4320, time remaining: 2m 25s
Rendered 1317/4320, time remaining: 2m 26s
Rendered 1318/4320, time remaining: 2m 25s
Rendered 1319/4320, time remaining: 2m 26s
Rendered 1320/4320, time remaining: 2m 25s
Rendered 1321/4320, time remaining: 2m 26s
Rendered 1322/4320, time remaining: 2m 25s
Rendered 1323/4320, time remaining: 2m 25s
Rendered 1324/4320, time remaining: 2m 24s
Rendered 1325/4320, time remaining: 2m 25s
Rendered 1326/4320, time remaining: 2m 24s
Rendered 1327/4320, time remaining: 2m 24s
Rendered 1328/4320, time remaining: 2m 24s
Rendered 1329/4320, time remaining: 2m 24s
Rendered 1330/4320, time remaining: 2m 23s
Rendered 1331/4320, time remaining: 2m 24s
Rendered 1332/4320, time remaining: 2m 23s
Rendered 1333/4320, time remaining: 2m 24s
Rendered 1334/4320, time remaining: 2m 23s
Rendered 1335/4320, time remaining: 2m 23s
Rendered 1336/4320, time remaining: 2m 22s
Rendered 1337/4320, time remaining: 2m 23s
Rendered 1338/4320, time remaining: 2m 22s
Rendered 1339/4320, time remaining: 2m 22s
Rendered 1340/4320, time remaining: 2m 22s
Rendered 1341/4320, time remaining: 2m 22s
Rendered 1342/4320, time remaining: 2m 22s
Rendered 1343/4320, time remaining: 2m 22s
Rendered 1344/4320, time remaining: 2m 22s
Rendered 1345/4320, time remaining: 2m 22s
Rendered 1346/4320, time remaining: 2m 22s
Rendered 1347/4320, time remaining: 2m 21s
Rendered 1348/4320, time remaining: 2m 22s
Rendered 1349/4320, time remaining: 2m 20s
Rendered 1350/4320, time remaining: 2m 21s
Rendered 1351/4320, time remaining: 2m 20s
Rendered 1352/4320, time remaining: 2m 21s
Rendered 1353/4320, time remaining: 2m 20s
Rendered 1354/4320, time remaining: 2m 20s
Rendered 1355/4320, time remaining: 2m 20s
Rendered 1356/4320, time remaining: 2m 20s
Rendered 1357/4320, time remaining: 2m 19s
Rendered 1358/4320, time remaining: 2m 20s
Rendered 1359/4320, time remaining: 2m 19s
Rendered 1360/4320, time remaining: 2m 20s
Rendered 1361/4320, time remaining: 2m 20s
Rendered 1362/4320, time remaining: 2m 20s
Rendered 1363/4320, time remaining: 2m 20s
Rendered 1364/4320, time remaining: 2m 20s
Rendered 1365/4320, time remaining: 2m 20s
Rendered 1366/4320, time remaining: 2m 20s
Rendered 1367/4320, time remaining: 2m 19s
Rendered 1368/4320, time remaining: 2m 20s
Rendered 1369/4320, time remaining: 2m 19s
Rendered 1370/4320, time remaining: 2m 20s
Rendered 1371/4320, time remaining: 2m 19s
Rendered 1372/4320, time remaining: 2m 20s
Rendered 1373/4320, time remaining: 2m 19s
Rendered 1374/4320, time remaining: 2m 20s
Rendered 1375/4320, time remaining: 2m 19s
Rendered 1376/4320, time remaining: 2m 20s
Rendered 1377/4320, time remaining: 2m 19s
Rendered 1378/4320, time remaining: 2m 20s
Rendered 1379/4320, time remaining: 2m 20s
Rendered 1380/4320, time remaining: 2m 20s
Rendered 1381/4320, time remaining: 2m 20s
Rendered 1382/4320, time remaining: 2m 21s
Rendered 1383/4320, time remaining: 2m 21s
Rendered 1384/4320, time remaining: 2m 21s
Rendered 1385/4320, time remaining: 2m 21s
Rendered 1386/4320, time remaining: 2m 21s
Rendered 1387/4320, time remaining: 2m 21s
Rendered 1388/4320, time remaining: 2m 20s
Rendered 1389/4320, time remaining: 2m 21s
Rendered 1390/4320, time remaining: 2m 21s
Rendered 1391/4320, time remaining: 2m 21s
Rendered 1392/4320, time remaining: 2m 21s
Rendered 1393/4320, time remaining: 2m 33s
Rendered 1394/4320, time remaining: 2m 36s
Rendered 1395/4320, time remaining: 2m 40s
Rendered 1396/4320, time remaining: 2m 45s
Rendered 1397/4320, time remaining: 2m 51s
Rendered 1398/4320, time remaining: 2m 58s
Rendered 1399/4320, time remaining: 3m 0s
Rendered 1400/4320, time remaining: 3m 4s
Rendered 1401/4320, time remaining: 3m 7s
Rendered 1402/4320, time remaining: 3m 16s
Rendered 1403/4320, time remaining: 3m 27s
Rendered 1404/4320, time remaining: 3m 28s
Rendered 1405/4320, time remaining: 3m 35s
Rendered 1406/4320, time remaining: 3m 44s
Rendered 1407/4320, time remaining: 3m 45s
Rendered 1408/4320, time remaining: 3m 50s
Rendered 1409/4320, time remaining: 3m 54s
Rendered 1410/4320, time remaining: 4m 4s
Rendered 1411/4320, time remaining: 4m 10s
Rendered 1412/4320, time remaining: 4m 18s
Rendered 1413/4320, time remaining: 4m 21s
Rendered 1414/4320, time remaining: 4m 34s
Rendered 1415/4320, time remaining: 4m 40s
Rendered 1416/4320, time remaining: 4m 46s
Rendered 1417/4320, time remaining: 4m 52s
Rendered 1418/4320, time remaining: 5m 4s
Rendered 1419/4320, time remaining: 5m 5s
Rendered 1420/4320, time remaining: 5m 11s
Rendered 1421/4320, time remaining: 5m 18s
Rendered 1422/4320, time remaining: 5m 28s
Rendered 1423/4320, time remaining: 5m 41s
Rendered 1424/4320, time remaining: 5m 54s
Rendered 1425/4320, time remaining: 6m 1s
Rendered 1426/4320, time remaining: 6m 9s
Rendered 1427/4320, time remaining: 6m 13s
Rendered 1428/4320, time remaining: 6m 21s
Rendered 1429/4320, time remaining: 6m 28s
Rendered 1430/4320, time remaining: 6m 34s
Rendered 1431/4320, time remaining: 6m 38s
Rendered 1432/4320, time remaining: 6m 43s
Rendered 1433/4320, time remaining: 6m 47s
Rendered 1434/4320, time remaining: 6m 55s
Rendered 1435/4320, time remaining: 6m 58s
Rendered 1436/4320, time remaining: 7m 4s
Rendered 1437/4320, time remaining: 7m 9s
Rendered 1438/4320, time remaining: 7m 39s
Rendered 1439/4320, time remaining: 7m 51s
Rendered 1440/4320, time remaining: 8m 2s
Rendered 1441/4320, time remaining: 8m 10s
Rendered 1442/4320, time remaining: 8m 17s
Rendered 1443/4320, time remaining: 8m 24s
Rendered 1444/4320, time remaining: 8m 31s
Rendered 1445/4320, time remaining: 8m 35s
Rendered 1446/4320, time remaining: 8m 43s
Rendered 1447/4320, time remaining: 8m 50s
Rendered 1448/4320, time remaining: 8m 54s
Rendered 1449/4320, time remaining: 9m 3s
Rendered 1450/4320, time remaining: 9m 11s
Rendered 1451/4320, time remaining: 9m 16s
Rendered 1452/4320, time remaining: 9m 23s
Rendered 1453/4320, time remaining: 9m 29s
Rendered 1454/4320, time remaining: 9m 40s
Rendered 1455/4320, time remaining: 9m 47s
Rendered 1456/4320, time remaining: 9m 51s
Rendered 1457/4320, time remaining: 10m 0s
Rendered 1458/4320, time remaining: 10m 9s
Rendered 1459/4320, time remaining: 10m 14s
Rendered 1460/4320, time remaining: 10m 21s
Rendered 1461/4320, time remaining: 10m 30s
Rendered 1462/4320, time remaining: 10m 38s
Rendered 1463/4320, time remaining: 10m 46s
Rendered 1464/4320, time remaining: 10m 54s
Rendered 1465/4320, time remaining: 10m 57s
Rendered 1466/4320, time remaining: 11m 5s
Rendered 1467/4320, time remaining: 11m 6s
Rendered 1468/4320, time remaining: 11m 13s
Rendered 1469/4320, time remaining: 11m 16s
Rendered 1470/4320, time remaining: 11m 27s
Rendered 1471/4320, time remaining: 11m 39s
Rendered 1472/4320, time remaining: 11m 41s
Rendered 1473/4320, time remaining: 11m 48s
Rendered 1474/4320, time remaining: 11m 55s
Rendered 1475/4320, time remaining: 12m 0s
Rendered 1476/4320, time remaining: 12m 6s
Rendered 1477/4320, time remaining: 12m 10s
Rendered 1478/4320, time remaining: 12m 16s
Rendered 1479/4320, time remaining: 12m 20s
Rendered 1480/4320, time remaining: 12m 26s
Rendered 1481/4320, time remaining: 12m 33s
Rendered 1482/4320, time remaining: 12m 38s
Rendered 1483/4320, time remaining: 12m 46s
Rendered 1484/4320, time remaining: 12m 51s
Rendered 1485/4320, time remaining: 13m 0s
Rendered 1486/4320, time remaining: 13m 11s
Rendered 1487/4320, time remaining: 13m 19s
Rendered 1488/4320, time remaining: 13m 38s
Rendered 1489/4320, time remaining: 13m 58s
Rendered 1490/4320, time remaining: 14m 8s
Rendered 1491/4320, time remaining: 14m 20s
Rendered 1492/4320, time remaining: 14m 28s
Rendered 1493/4320, time remaining: 14m 36s
Rendered 1494/4320, time remaining: 14m 46s
Rendered 1495/4320, time remaining: 14m 49s
Rendered 1496/4320, time remaining: 14m 56s
Rendered 1497/4320, time remaining: 14m 59s
Rendered 1498/4320, time remaining: 15m 7s
Rendered 1499/4320, time remaining: 15m 12s
Rendered 1500/4320, time remaining: 15m 16s
Rendered 1501/4320, time remaining: 15m 22s
Rendered 1502/4320, time remaining: 15m 28s
Rendered 1503/4320, time remaining: 15m 33s
Rendered 1504/4320, time remaining: 15m 36s
Rendered 1505/4320, time remaining: 15m 41s
Rendered 1506/4320, time remaining: 15m 48s
Rendered 1507/4320, time remaining: 15m 51s
Rendered 1508/4320, time remaining: 15m 55s
Rendered 1509/4320, time remaining: 16m 3s
Rendered 1510/4320, time remaining: 16m 9s
Rendered 1511/4320, time remaining: 16m 14s
Rendered 1512/4320, time remaining: 16m 20s
Rendered 1513/4320, time remaining: 16m 34s
Rendered 1514/4320, time remaining: 16m 40s
Rendered 1515/4320, time remaining: 16m 46s
Rendered 1516/4320, time remaining: 16m 51s
Rendered 1517/4320, time remaining: 16m 59s
Rendered 1518/4320, time remaining: 17m 2s
Rendered 1519/4320, time remaining: 17m 7s
Rendered 1520/4320, time remaining: 17m 9s
Rendered 1521/4320, time remaining: 17m 14s
Rendered 1522/4320, time remaining: 17m 18s
Rendered 1523/4320, time remaining: 17m 23s
Rendered 1524/4320, time remaining: 17m 27s
Rendered 1525/4320, time remaining: 17m 33s
Rendered 1526/4320, time remaining: 17m 40s
Rendered 1527/4320, time remaining: 17m 42s
Rendered 1528/4320, time remaining: 17m 47s
Rendered 1529/4320, time remaining: 17m 51s
Rendered 1530/4320, time remaining: 17m 57s
Rendered 1531/4320, time remaining: 18m 1s
Rendered 1532/4320, time remaining: 18m 4s
Rendered 1533/4320, time remaining: 18m 7s
Rendered 1534/4320, time remaining: 18m 14s
Rendered 1535/4320, time remaining: 18m 16s
Rendered 1536/4320, time remaining: 18m 20s
Rendered 1537/4320, time remaining: 18m 22s
Rendered 1538/4320, time remaining: 18m 32s
Rendered 1539/4320, time remaining: 18m 34s
Rendered 1540/4320, time remaining: 18m 41s
Rendered 1541/4320, time remaining: 18m 48s
Rendered 1542/4320, time remaining: 18m 52s
Rendered 1543/4320, time remaining: 18m 45s
Rendered 1544/4320, time remaining: 18m 45s
Rendered 1545/4320, time remaining: 18m 44s
Rendered 1546/4320, time remaining: 18m 44s
Rendered 1547/4320, time remaining: 18m 43s
Rendered 1548/4320, time remaining: 18m 39s
Rendered 1549/4320, time remaining: 18m 39s
Rendered 1550/4320, time remaining: 18m 39s
Rendered 1551/4320, time remaining: 18m 40s
Rendered 1552/4320, time remaining: 18m 33s
Rendered 1553/4320, time remaining: 18m 25s
Rendered 1554/4320, time remaining: 18m 29s
Rendered 1555/4320, time remaining: 18m 23s
Rendered 1556/4320, time remaining: 18m 18s
Rendered 1557/4320, time remaining: 18m 18s
Rendered 1558/4320, time remaining: 18m 17s
Rendered 1559/4320, time remaining: 18m 15s
Rendered 1560/4320, time remaining: 18m 10s
Rendered 1561/4320, time remaining: 18m 6s
Rendered 1562/4320, time remaining: 18m 4s
Rendered 1563/4320, time remaining: 18m 3s
Rendered 1564/4320, time remaining: 17m 56s
Rendered 1565/4320, time remaining: 17m 51s
Rendered 1566/4320, time remaining: 17m 49s
Rendered 1567/4320, time remaining: 17m 50s
Rendered 1568/4320, time remaining: 17m 43s
Rendered 1569/4320, time remaining: 17m 47s
Rendered 1570/4320, time remaining: 17m 47s
Rendered 1571/4320, time remaining: 17m 45s
Rendered 1572/4320, time remaining: 17m 44s
Rendered 1573/4320, time remaining: 17m 36s
Rendered 1574/4320, time remaining: 17m 33s
Rendered 1575/4320, time remaining: 17m 33s
Rendered 1576/4320, time remaining: 17m 28s
Rendered 1577/4320, time remaining: 17m 27s
Rendered 1578/4320, time remaining: 17m 25s
Rendered 1579/4320, time remaining: 17m 26s
Rendered 1580/4320, time remaining: 17m 30s
Rendered 1581/4320, time remaining: 17m 31s
Rendered 1582/4320, time remaining: 17m 33s
Rendered 1583/4320, time remaining: 17m 35s
Rendered 1584/4320, time remaining: 17m 31s
Rendered 1585/4320, time remaining: 17m 31s
Rendered 1586/4320, time remaining: 17m 33s
Rendered 1587/4320, time remaining: 17m 31s
Rendered 1588/4320, time remaining: 17m 11s
Rendered 1589/4320, time remaining: 17m 2s
Rendered 1590/4320, time remaining: 16m 59s
Rendered 1591/4320, time remaining: 16m 55s
Rendered 1592/4320, time remaining: 16m 53s
Rendered 1593/4320, time remaining: 16m 50s
Rendered 1594/4320, time remaining: 16m 49s
Rendered 1595/4320, time remaining: 16m 49s
Rendered 1596/4320, time remaining: 16m 46s
Rendered 1597/4320, time remaining: 16m 46s
Rendered 1598/4320, time remaining: 16m 46s
Rendered 1599/4320, time remaining: 16m 41s
Rendered 1600/4320, time remaining: 16m 37s
Rendered 1601/4320, time remaining: 16m 37s
Rendered 1602/4320, time remaining: 16m 37s
Rendered 1603/4320, time remaining: 16m 35s
Rendered 1604/4320, time remaining: 16m 30s
Rendered 1605/4320, time remaining: 16m 28s
Rendered 1606/4320, time remaining: 16m 29s
Rendered 1607/4320, time remaining: 16m 25s
Rendered 1608/4320, time remaining: 16m 22s
Rendered 1609/4320, time remaining: 16m 20s
Rendered 1610/4320, time remaining: 16m 22s
Rendered 1611/4320, time remaining: 16m 15s
Rendered 1612/4320, time remaining: 16m 14s
Rendered 1613/4320, time remaining: 16m 9s
Rendered 1614/4320, time remaining: 16m 7s
Rendered 1615/4320, time remaining: 16m 14s
Rendered 1616/4320, time remaining: 16m 10s
Rendered 1617/4320, time remaining: 16m 20s
Rendered 1618/4320, time remaining: 16m 21s
Rendered 1619/4320, time remaining: 16m 23s
Rendered 1620/4320, time remaining: 16m 16s
Rendered 1621/4320, time remaining: 16m 9s
Rendered 1622/4320, time remaining: 16m 16s
Rendered 1623/4320, time remaining: 16m 14s
Rendered 1624/4320, time remaining: 16m 12s
Rendered 1625/4320, time remaining: 16m 11s
Rendered 1626/4320, time remaining: 16m 9s
Rendered 1627/4320, time remaining: 16m 9s
Rendered 1628/4320, time remaining: 16m 10s
Rendered 1629/4320, time remaining: 16m 6s
Rendered 1630/4320, time remaining: 16m 7s
Rendered 1631/4320, time remaining: 16m 5s
Rendered 1632/4320, time remaining: 16m 2s
Rendered 1633/4320, time remaining: 15m 54s
Rendered 1634/4320, time remaining: 15m 49s
Rendered 1635/4320, time remaining: 15m 40s
Rendered 1636/4320, time remaining: 15m 29s
Rendered 1637/4320, time remaining: 15m 21s
Rendered 1638/4320, time remaining: 15m 3s
Rendered 1639/4320, time remaining: 14m 44s
Rendered 1640/4320, time remaining: 14m 33s
Rendered 1641/4320, time remaining: 14m 21s
Rendered 1642/4320, time remaining: 14m 12s
Rendered 1643/4320, time remaining: 14m 4s
Rendered 1644/4320, time remaining: 13m 55s
Rendered 1645/4320, time remaining: 13m 51s
Rendered 1646/4320, time remaining: 13m 43s
Rendered 1647/4320, time remaining: 13m 40s
Rendered 1648/4320, time remaining: 13m 32s
Rendered 1649/4320, time remaining: 13m 26s
Rendered 1650/4320, time remaining: 13m 22s
Rendered 1651/4320, time remaining: 13m 16s
Rendered 1652/4320, time remaining: 13m 10s
Rendered 1653/4320, time remaining: 13m 4s
Rendered 1654/4320, time remaining: 13m 1s
Rendered 1655/4320, time remaining: 12m 55s
Rendered 1656/4320, time remaining: 12m 48s
Rendered 1657/4320, time remaining: 12m 46s
Rendered 1658/4320, time remaining: 12m 41s
Rendered 1659/4320, time remaining: 12m 33s
Rendered 1660/4320, time remaining: 12m 26s
Rendered 1661/4320, time remaining: 12m 21s
Rendered 1662/4320, time remaining: 12m 16s
Rendered 1663/4320, time remaining: 12m 3s
Rendered 1664/4320, time remaining: 11m 57s
Rendered 1665/4320, time remaining: 11m 51s
Rendered 1666/4320, time remaining: 11m 46s
Rendered 1667/4320, time remaining: 11m 37s
Rendered 1668/4320, time remaining: 11m 34s
Rendered 1669/4320, time remaining: 11m 29s
Rendered 1670/4320, time remaining: 11m 26s
Rendered 1671/4320, time remaining: 11m 22s
Rendered 1672/4320, time remaining: 11m 17s
Rendered 1673/4320, time remaining: 11m 12s
Rendered 1674/4320, time remaining: 11m 7s
Rendered 1675/4320, time remaining: 11m 1s
Rendered 1676/4320, time remaining: 10m 55s
Rendered 1677/4320, time remaining: 10m 51s
Rendered 1678/4320, time remaining: 10m 46s
Rendered 1679/4320, time remaining: 10m 42s
Rendered 1680/4320, time remaining: 10m 36s
Rendered 1681/4320, time remaining: 10m 32s
Rendered 1682/4320, time remaining: 10m 28s
Rendered 1683/4320, time remaining: 10m 24s
Rendered 1684/4320, time remaining: 10m 18s
Rendered 1685/4320, time remaining: 10m 15s
Rendered 1686/4320, time remaining: 10m 11s
Rendered 1687/4320, time remaining: 10m 8s
Rendered 1688/4320, time remaining: 10m 0s
Rendered 1689/4320, time remaining: 9m 57s
Rendered 1690/4320, time remaining: 9m 50s
Rendered 1691/4320, time remaining: 9m 42s
Rendered 1692/4320, time remaining: 9m 39s
Rendered 1693/4320, time remaining: 9m 34s
Rendered 1694/4320, time remaining: 9m 30s
Rendered 1695/4320, time remaining: 9m 27s
Rendered 1696/4320, time remaining: 9m 22s
Rendered 1697/4320, time remaining: 9m 17s
Rendered 1698/4320, time remaining: 9m 15s
Rendered 1699/4320, time remaining: 9m 11s
Rendered 1700/4320, time remaining: 9m 8s
Rendered 1701/4320, time remaining: 9m 3s
Rendered 1702/4320, time remaining: 9m 2s
Rendered 1703/4320, time remaining: 8m 59s
Rendered 1704/4320, time remaining: 8m 54s
Rendered 1705/4320, time remaining: 8m 54s
Rendered 1706/4320, time remaining: 8m 50s
Rendered 1707/4320, time remaining: 8m 48s
Rendered 1708/4320, time remaining: 8m 43s
Rendered 1709/4320, time remaining: 8m 41s
Rendered 1710/4320, time remaining: 8m 37s
Rendered 1711/4320, time remaining: 8m 34s
Rendered 1712/4320, time remaining: 8m 28s
Rendered 1713/4320, time remaining: 8m 27s
Rendered 1714/4320, time remaining: 8m 22s
Rendered 1715/4320, time remaining: 8m 20s
Rendered 1716/4320, time remaining: 8m 16s
Rendered 1717/4320, time remaining: 8m 10s
Rendered 1718/4320, time remaining: 8m 6s
Rendered 1719/4320, time remaining: 8m 1s
Rendered 1720/4320, time remaining: 7m 55s
Rendered 1721/4320, time remaining: 7m 50s
Rendered 1722/4320, time remaining: 7m 41s
Rendered 1723/4320, time remaining: 7m 37s
Rendered 1724/4320, time remaining: 7m 27s
Rendered 1725/4320, time remaining: 7m 20s
Rendered 1726/4320, time remaining: 7m 18s
Rendered 1727/4320, time remaining: 7m 13s
Rendered 1728/4320, time remaining: 7m 8s
Rendered 1729/4320, time remaining: 7m 1s
Rendered 1730/4320, time remaining: 6m 52s
Rendered 1731/4320, time remaining: 6m 46s
Rendered 1732/4320, time remaining: 6m 40s
Rendered 1733/4320, time remaining: 6m 34s
Rendered 1734/4320, time remaining: 6m 31s
Rendered 1735/4320, time remaining: 6m 27s
Rendered 1736/4320, time remaining: 6m 21s
Rendered 1737/4320, time remaining: 6m 16s
Rendered 1738/4320, time remaining: 6m 9s
Rendered 1739/4320, time remaining: 6m 5s
Rendered 1740/4320, time remaining: 5m 58s
Rendered 1741/4320, time remaining: 5m 54s
Rendered 1742/4320, time remaining: 5m 50s
Rendered 1743/4320, time remaining: 5m 45s
Rendered 1744/4320, time remaining: 5m 39s
Rendered 1745/4320, time remaining: 5m 35s
Rendered 1746/4320, time remaining: 5m 30s
Rendered 1747/4320, time remaining: 5m 23s
Rendered 1748/4320, time remaining: 5m 19s
Rendered 1749/4320, time remaining: 5m 15s
Rendered 1750/4320, time remaining: 5m 12s
Rendered 1751/4320, time remaining: 5m 6s
Rendered 1752/4320, time remaining: 5m 0s
Rendered 1753/4320, time remaining: 4m 54s
Rendered 1754/4320, time remaining: 4m 50s
Rendered 1755/4320, time remaining: 4m 45s
Rendered 1756/4320, time remaining: 4m 40s
Rendered 1757/4320, time remaining: 4m 35s
Rendered 1758/4320, time remaining: 4m 30s
Rendered 1759/4320, time remaining: 4m 26s
Rendered 1760/4320, time remaining: 4m 17s
Rendered 1761/4320, time remaining: 4m 16s
Rendered 1762/4320, time remaining: 4m 10s
Rendered 1763/4320, time remaining: 4m 6s
Rendered 1764/4320, time remaining: 4m 1s
Rendered 1765/4320, time remaining: 3m 51s
Rendered 1766/4320, time remaining: 3m 47s
Rendered 1767/4320, time remaining: 3m 36s
Rendered 1768/4320, time remaining: 3m 29s
Rendered 1769/4320, time remaining: 3m 24s
Rendered 1770/4320, time remaining: 3m 20s
Rendered 1771/4320, time remaining: 3m 16s
Rendered 1772/4320, time remaining: 3m 6s
Rendered 1773/4320, time remaining: 3m 1s
Rendered 1774/4320, time remaining: 2m 58s
Rendered 1775/4320, time remaining: 2m 53s
Rendered 1776/4320, time remaining: 2m 50s
Rendered 1777/4320, time remaining: 2m 45s
Rendered 1778/4320, time remaining: 2m 39s
Rendered 1779/4320, time remaining: 2m 38s
Rendered 1780/4320, time remaining: 2m 32s
Rendered 1781/4320, time remaining: 2m 26s
Rendered 1782/4320, time remaining: 2m 25s
Rendered 1783/4320, time remaining: 2m 24s
Rendered 1784/4320, time remaining: 2m 25s
Rendered 1785/4320, time remaining: 2m 24s
Rendered 1786/4320, time remaining: 2m 25s
Rendered 1787/4320, time remaining: 2m 24s
Rendered 1788/4320, time remaining: 2m 25s
Rendered 1789/4320, time remaining: 2m 24s
Rendered 1790/4320, time remaining: 2m 24s
Rendered 1791/4320, time remaining: 2m 24s
Rendered 1792/4320, time remaining: 2m 24s
Rendered 1793/4320, time remaining: 2m 24s
Rendered 1794/4320, time remaining: 2m 24s
Rendered 1795/4320, time remaining: 2m 25s
Rendered 1796/4320, time remaining: 2m 25s
Rendered 1797/4320, time remaining: 2m 25s
Rendered 1798/4320, time remaining: 2m 25s
Rendered 1799/4320, time remaining: 2m 25s
Rendered 1800/4320, time remaining: 2m 25s
Rendered 1801/4320, time remaining: 2m 41s
Rendered 1802/4320, time remaining: 2m 47s
Rendered 1803/4320, time remaining: 2m 48s
Rendered 1804/4320, time remaining: 2m 52s
Rendered 1805/4320, time remaining: 2m 56s
Rendered 1806/4320, time remaining: 3m 0s
Rendered 1807/4320, time remaining: 3m 7s
Rendered 1808/4320, time remaining: 3m 8s
Rendered 1809/4320, time remaining: 3m 13s
Rendered 1810/4320, time remaining: 3m 22s
Rendered 1811/4320, time remaining: 3m 23s
Rendered 1812/4320, time remaining: 3m 29s
Rendered 1813/4320, time remaining: 3m 31s
Rendered 1814/4320, time remaining: 3m 36s
Rendered 1815/4320, time remaining: 3m 39s
Rendered 1816/4320, time remaining: 3m 45s
Rendered 1817/4320, time remaining: 3m 48s
Rendered 1818/4320, time remaining: 3m 53s
Rendered 1819/4320, time remaining: 3m 56s
Rendered 1820/4320, time remaining: 3m 58s
Rendered 1821/4320, time remaining: 4m 2s
Rendered 1822/4320, time remaining: 4m 7s
Rendered 1823/4320, time remaining: 4m 8s
Rendered 1824/4320, time remaining: 4m 12s
Rendered 1825/4320, time remaining: 4m 15s
Rendered 1826/4320, time remaining: 4m 19s
Rendered 1827/4320, time remaining: 4m 24s
Rendered 1828/4320, time remaining: 4m 27s
Rendered 1829/4320, time remaining: 4m 31s
Rendered 1830/4320, time remaining: 4m 36s
Rendered 1831/4320, time remaining: 4m 39s
Rendered 1832/4320, time remaining: 4m 43s
Rendered 1833/4320, time remaining: 4m 47s
Rendered 1834/4320, time remaining: 4m 52s
Rendered 1835/4320, time remaining: 4m 55s
Rendered 1836/4320, time remaining: 4m 58s
Rendered 1837/4320, time remaining: 5m 8s
Rendered 1838/4320, time remaining: 5m 15s
Rendered 1839/4320, time remaining: 5m 18s
Rendered 1840/4320, time remaining: 5m 20s
Rendered 1841/4320, time remaining: 5m 23s
Rendered 1842/4320, time remaining: 5m 28s
Rendered 1843/4320, time remaining: 5m 29s
Rendered 1844/4320, time remaining: 5m 34s
Rendered 1845/4320, time remaining: 5m 37s
Rendered 1846/4320, time remaining: 5m 41s
Rendered 1847/4320, time remaining: 5m 46s
Rendered 1848/4320, time remaining: 5m 52s
Rendered 1849/4320, time remaining: 5m 52s
Rendered 1850/4320, time remaining: 5m 57s
Rendered 1851/4320, time remaining: 6m 0s
Rendered 1852/4320, time remaining: 6m 4s
Rendered 1853/4320, time remaining: 6m 7s
Rendered 1854/4320, time remaining: 6m 14s
Rendered 1855/4320, time remaining: 6m 16s
Rendered 1856/4320, time remaining: 6m 20s
Rendered 1857/4320, time remaining: 6m 23s
Rendered 1858/4320, time remaining: 6m 28s
Rendered 1859/4320, time remaining: 6m 29s
Rendered 1860/4320, time remaining: 6m 33s
Rendered 1861/4320, time remaining: 6m 35s
Rendered 1862/4320, time remaining: 6m 41s
Rendered 1863/4320, time remaining: 6m 44s
Rendered 1864/4320, time remaining: 6m 47s
Rendered 1865/4320, time remaining: 6m 50s
Rendered 1866/4320, time remaining: 6m 57s
Rendered 1867/4320, time remaining: 6m 57s
Rendered 1868/4320, time remaining: 7m 2s
Rendered 1869/4320, time remaining: 7m 4s
Rendered 1870/4320, time remaining: 7m 10s
Rendered 1871/4320, time remaining: 7m 10s
Rendered 1872/4320, time remaining: 7m 15s
Rendered 1873/4320, time remaining: 7m 17s
Rendered 1874/4320, time remaining: 7m 26s
Rendered 1875/4320, time remaining: 7m 28s
Rendered 1876/4320, time remaining: 7m 34s
Rendered 1877/4320, time remaining: 7m 44s
Rendered 1878/4320, time remaining: 7m 56s
Rendered 1879/4320, time remaining: 8m 2s
Rendered 1880/4320, time remaining: 8m 11s
Rendered 1881/4320, time remaining: 8m 20s
Rendered 1882/4320, time remaining: 8m 33s
Rendered 1883/4320, time remaining: 8m 39s
Rendered 1884/4320, time remaining: 8m 43s
Rendered 1885/4320, time remaining: 8m 48s
Rendered 1886/4320, time remaining: 8m 55s
Rendered 1887/4320, time remaining: 9m 3s
Rendered 1888/4320, time remaining: 9m 17s
Rendered 1889/4320, time remaining: 9m 28s
Rendered 1890/4320, time remaining: 9m 40s
Rendered 1891/4320, time remaining: 9m 45s
Rendered 1892/4320, time remaining: 9m 49s
Rendered 1893/4320, time remaining: 9m 53s
Rendered 1894/4320, time remaining: 9m 58s
Rendered 1895/4320, time remaining: 10m 4s
Rendered 1896/4320, time remaining: 10m 10s
Rendered 1897/4320, time remaining: 10m 14s
Rendered 1898/4320, time remaining: 10m 18s
Rendered 1899/4320, time remaining: 10m 25s
Rendered 1900/4320, time remaining: 10m 34s
Rendered 1901/4320, time remaining: 10m 41s
Rendered 1902/4320, time remaining: 10m 49s
Rendered 1903/4320, time remaining: 10m 54s
Rendered 1904/4320, time remaining: 10m 57s
Rendered 1905/4320, time remaining: 11m 0s
Rendered 1906/4320, time remaining: 11m 7s
Rendered 1907/4320, time remaining: 11m 8s
Rendered 1908/4320, time remaining: 11m 11s
Rendered 1909/4320, time remaining: 11m 15s
Rendered 1910/4320, time remaining: 11m 20s
Rendered 1911/4320, time remaining: 11m 24s
Rendered 1912/4320, time remaining: 11m 28s
Rendered 1913/4320, time remaining: 11m 32s
Rendered 1914/4320, time remaining: 11m 37s
Rendered 1915/4320, time remaining: 11m 40s
Rendered 1916/4320, time remaining: 11m 45s
Rendered 1917/4320, time remaining: 11m 46s
Rendered 1918/4320, time remaining: 11m 51s
Rendered 1919/4320, time remaining: 11m 53s
Rendered 1920/4320, time remaining: 11m 55s
Rendered 1921/4320, time remaining: 12m 4s
Rendered 1922/4320, time remaining: 12m 4s
Rendered 1923/4320, time remaining: 12m 8s
Rendered 1924/4320, time remaining: 12m 9s
Rendered 1925/4320, time remaining: 12m 12s
Rendered 1926/4320, time remaining: 12m 16s
Rendered 1927/4320, time remaining: 12m 16s
Rendered 1928/4320, time remaining: 12m 19s
Rendered 1929/4320, time remaining: 12m 20s
Rendered 1930/4320, time remaining: 12m 23s
Rendered 1931/4320, time remaining: 12m 26s
Rendered 1932/4320, time remaining: 12m 27s
Rendered 1933/4320, time remaining: 12m 29s
Rendered 1934/4320, time remaining: 12m 32s
Rendered 1935/4320, time remaining: 12m 33s
Rendered 1936/4320, time remaining: 12m 36s
Rendered 1937/4320, time remaining: 12m 37s
Rendered 1938/4320, time remaining: 12m 40s
Rendered 1939/4320, time remaining: 12m 42s
Rendered 1940/4320, time remaining: 12m 46s
Rendered 1941/4320, time remaining: 12m 47s
Rendered 1942/4320, time remaining: 12m 51s
Rendered 1943/4320, time remaining: 12m 54s
Rendered 1944/4320, time remaining: 12m 55s
Rendered 1945/4320, time remaining: 12m 59s
Rendered 1946/4320, time remaining: 13m 2s
Rendered 1947/4320, time remaining: 13m 4s
Rendered 1948/4320, time remaining: 13m 6s
Rendered 1949/4320, time remaining: 13m 10s
Rendered 1950/4320, time remaining: 13m 12s
Rendered 1951/4320, time remaining: 12m 58s
Rendered 1952/4320, time remaining: 12m 56s
Rendered 1953/4320, time remaining: 12m 55s
Rendered 1954/4320, time remaining: 12m 56s
Rendered 1955/4320, time remaining: 12m 53s
Rendered 1956/4320, time remaining: 12m 51s
Rendered 1957/4320, time remaining: 12m 46s
Rendered 1958/4320, time remaining: 12m 51s
Rendered 1959/4320, time remaining: 12m 50s
Rendered 1960/4320, time remaining: 12m 43s
Rendered 1961/4320, time remaining: 12m 44s
Rendered 1962/4320, time remaining: 12m 41s
Rendered 1963/4320, time remaining: 12m 42s
Rendered 1964/4320, time remaining: 12m 42s
Rendered 1965/4320, time remaining: 12m 44s
Rendered 1966/4320, time remaining: 12m 48s
Rendered 1967/4320, time remaining: 12m 52s
Rendered 1968/4320, time remaining: 12m 53s
Rendered 1969/4320, time remaining: 12m 52s
Rendered 1970/4320, time remaining: 12m 54s
Rendered 1971/4320, time remaining: 12m 54s
Rendered 1972/4320, time remaining: 12m 52s
Rendered 1973/4320, time remaining: 12m 54s
Rendered 1974/4320, time remaining: 12m 54s
Rendered 1975/4320, time remaining: 12m 53s
Rendered 1976/4320, time remaining: 12m 51s
Rendered 1977/4320, time remaining: 12m 50s
Rendered 1978/4320, time remaining: 12m 50s
Rendered 1979/4320, time remaining: 12m 47s
Rendered 1980/4320, time remaining: 12m 46s
Rendered 1981/4320, time remaining: 12m 45s
Rendered 1982/4320, time remaining: 12m 45s
Rendered 1983/4320, time remaining: 12m 43s
Rendered 1984/4320, time remaining: 12m 41s
Rendered 1985/4320, time remaining: 12m 39s
Rendered 1986/4320, time remaining: 12m 39s
Rendered 1987/4320, time remaining: 12m 33s
Rendered 1988/4320, time remaining: 12m 28s
Rendered 1989/4320, time remaining: 12m 27s
Rendered 1990/4320, time remaining: 12m 28s
Rendered 1991/4320, time remaining: 12m 27s
Rendered 1992/4320, time remaining: 12m 26s
Rendered 1993/4320, time remaining: 12m 27s
Rendered 1994/4320, time remaining: 12m 26s
Rendered 1995/4320, time remaining: 12m 26s
Rendered 1996/4320, time remaining: 12m 23s
Rendered 1997/4320, time remaining: 12m 21s
Rendered 1998/4320, time remaining: 12m 19s
Rendered 1999/4320, time remaining: 12m 18s
Rendered 2000/4320, time remaining: 12m 18s
Rendered 2001/4320, time remaining: 12m 18s
Rendered 2002/4320, time remaining: 12m 18s
Rendered 2003/4320, time remaining: 12m 17s
Rendered 2004/4320, time remaining: 12m 14s
Rendered 2005/4320, time remaining: 12m 14s
Rendered 2006/4320, time remaining: 12m 15s
Rendered 2007/4320, time remaining: 12m 14s
Rendered 2008/4320, time remaining: 12m 12s
Rendered 2009/4320, time remaining: 12m 14s
Rendered 2010/4320, time remaining: 12m 13s
Rendered 2011/4320, time remaining: 12m 12s
Rendered 2012/4320, time remaining: 12m 9s
Rendered 2013/4320, time remaining: 12m 8s
Rendered 2014/4320, time remaining: 12m 9s
Rendered 2015/4320, time remaining: 12m 8s
Rendered 2016/4320, time remaining: 12m 4s
Rendered 2017/4320, time remaining: 12m 6s
Rendered 2018/4320, time remaining: 12m 2s
Rendered 2019/4320, time remaining: 12m 2s
Rendered 2020/4320, time remaining: 12m 0s
Rendered 2021/4320, time remaining: 12m 0s
Rendered 2022/4320, time remaining: 11m 59s
Rendered 2023/4320, time remaining: 11m 58s
Rendered 2024/4320, time remaining: 11m 52s
Rendered 2025/4320, time remaining: 11m 52s
Rendered 2026/4320, time remaining: 11m 52s
Rendered 2027/4320, time remaining: 11m 43s
Rendered 2028/4320, time remaining: 11m 34s
Rendered 2029/4320, time remaining: 11m 29s
Rendered 2030/4320, time remaining: 11m 24s
Rendered 2031/4320, time remaining: 11m 18s
Rendered 2032/4320, time remaining: 11m 7s
Rendered 2033/4320, time remaining: 11m 3s
Rendered 2034/4320, time remaining: 11m 2s
Rendered 2035/4320, time remaining: 10m 58s
Rendered 2036/4320, time remaining: 10m 55s
Rendered 2037/4320, time remaining: 10m 47s
Rendered 2038/4320, time remaining: 10m 38s
Rendered 2039/4320, time remaining: 10m 31s
Rendered 2040/4320, time remaining: 10m 21s
Rendered 2041/4320, time remaining: 10m 16s
Rendered 2042/4320, time remaining: 10m 12s
Rendered 2043/4320, time remaining: 10m 8s
Rendered 2044/4320, time remaining: 10m 3s
Rendered 2045/4320, time remaining: 9m 57s
Rendered 2046/4320, time remaining: 9m 50s
Rendered 2047/4320, time remaining: 9m 46s
Rendered 2048/4320, time remaining: 9m 41s
Rendered 2049/4320, time remaining: 9m 35s
Rendered 2050/4320, time remaining: 9m 25s
Rendered 2051/4320, time remaining: 9m 19s
Rendered 2052/4320, time remaining: 9m 10s
Rendered 2053/4320, time remaining: 9m 6s
Rendered 2054/4320, time remaining: 9m 2s
Rendered 2055/4320, time remaining: 8m 58s
Rendered 2056/4320, time remaining: 8m 51s
Rendered 2057/4320, time remaining: 8m 50s
Rendered 2058/4320, time remaining: 8m 46s
Rendered 2059/4320, time remaining: 8m 42s
Rendered 2060/4320, time remaining: 8m 37s
Rendered 2061/4320, time remaining: 8m 33s
Rendered 2062/4320, time remaining: 8m 27s
Rendered 2063/4320, time remaining: 8m 24s
Rendered 2064/4320, time remaining: 8m 18s
Rendered 2065/4320, time remaining: 8m 15s
Rendered 2066/4320, time remaining: 8m 9s
Rendered 2067/4320, time remaining: 8m 8s
Rendered 2068/4320, time remaining: 8m 3s
Rendered 2069/4320, time remaining: 8m 1s
Rendered 2070/4320, time remaining: 7m 57s
Rendered 2071/4320, time remaining: 7m 49s
Rendered 2072/4320, time remaining: 7m 48s
Rendered 2073/4320, time remaining: 7m 43s
Rendered 2074/4320, time remaining: 7m 42s
Rendered 2075/4320, time remaining: 7m 39s
Rendered 2076/4320, time remaining: 7m 34s
Rendered 2077/4320, time remaining: 7m 34s
Rendered 2078/4320, time remaining: 7m 30s
Rendered 2079/4320, time remaining: 7m 29s
Rendered 2080/4320, time remaining: 7m 25s
Rendered 2081/4320, time remaining: 7m 22s
Rendered 2082/4320, time remaining: 7m 19s
Rendered 2083/4320, time remaining: 7m 18s
Rendered 2084/4320, time remaining: 7m 13s
Rendered 2085/4320, time remaining: 7m 13s
Rendered 2086/4320, time remaining: 7m 9s
Rendered 2087/4320, time remaining: 7m 8s
Rendered 2088/4320, time remaining: 7m 3s
Rendered 2089/4320, time remaining: 7m 2s
Rendered 2090/4320, time remaining: 6m 57s
Rendered 2091/4320, time remaining: 6m 56s
Rendered 2092/4320, time remaining: 6m 51s
Rendered 2093/4320, time remaining: 6m 48s
Rendered 2094/4320, time remaining: 6m 45s
Rendered 2095/4320, time remaining: 6m 42s
Rendered 2096/4320, time remaining: 6m 38s
Rendered 2097/4320, time remaining: 6m 36s
Rendered 2098/4320, time remaining: 6m 33s
Rendered 2099/4320, time remaining: 6m 29s
Rendered 2100/4320, time remaining: 6m 26s
Rendered 2101/4320, time remaining: 6m 24s
Rendered 2102/4320, time remaining: 6m 20s
Rendered 2103/4320, time remaining: 6m 20s
Rendered 2104/4320, time remaining: 6m 15s
Rendered 2105/4320, time remaining: 6m 14s
Rendered 2106/4320, time remaining: 6m 10s
Rendered 2107/4320, time remaining: 6m 10s
Rendered 2108/4320, time remaining: 6m 3s
Rendered 2109/4320, time remaining: 5m 59s
Rendered 2110/4320, time remaining: 5m 57s
Rendered 2111/4320, time remaining: 5m 55s
Rendered 2112/4320, time remaining: 5m 50s
Rendered 2113/4320, time remaining: 5m 47s
Rendered 2114/4320, time remaining: 5m 41s
Rendered 2115/4320, time remaining: 5m 36s
Rendered 2116/4320, time remaining: 5m 26s
Rendered 2117/4320, time remaining: 5m 20s
Rendered 2118/4320, time remaining: 5m 13s
Rendered 2119/4320, time remaining: 5m 12s
Rendered 2120/4320, time remaining: 5m 7s
Rendered 2121/4320, time remaining: 5m 3s
Rendered 2122/4320, time remaining: 4m 59s
Rendered 2123/4320, time remaining: 4m 56s
Rendered 2124/4320, time remaining: 4m 52s
Rendered 2125/4320, time remaining: 4m 49s
Rendered 2126/4320, time remaining: 4m 46s
Rendered 2127/4320, time remaining: 4m 44s
Rendered 2128/4320, time remaining: 4m 39s
Rendered 2129/4320, time remaining: 4m 39s
Rendered 2130/4320, time remaining: 4m 34s
Rendered 2131/4320, time remaining: 4m 32s
Rendered 2132/4320, time remaining: 4m 27s
Rendered 2133/4320, time remaining: 4m 27s
Rendered 2134/4320, time remaining: 4m 22s
Rendered 2135/4320, time remaining: 4m 21s
Rendered 2136/4320, time remaining: 4m 18s
Rendered 2137/4320, time remaining: 4m 15s
Rendered 2138/4320, time remaining: 4m 12s
Rendered 2139/4320, time remaining: 4m 10s
Rendered 2140/4320, time remaining: 4m 6s
Rendered 2141/4320, time remaining: 4m 4s
Rendered 2142/4320, time remaining: 3m 59s
Rendered 2143/4320, time remaining: 3m 57s
Rendered 2144/4320, time remaining: 3m 52s
Rendered 2145/4320, time remaining: 3m 50s
Rendered 2146/4320, time remaining: 3m 48s
Rendered 2147/4320, time remaining: 3m 46s
Rendered 2148/4320, time remaining: 3m 42s
Rendered 2149/4320, time remaining: 3m 42s
Rendered 2150/4320, time remaining: 3m 37s
Rendered 2151/4320, time remaining: 3m 34s
Rendered 2152/4320, time remaining: 3m 29s
Rendered 2153/4320, time remaining: 3m 27s
Rendered 2154/4320, time remaining: 3m 24s
Rendered 2155/4320, time remaining: 3m 21s
Rendered 2156/4320, time remaining: 3m 16s
Rendered 2157/4320, time remaining: 3m 14s
Rendered 2158/4320, time remaining: 3m 11s
Rendered 2159/4320, time remaining: 3m 8s
Rendered 2160/4320, time remaining: 3m 4s
Rendered 2161/4320, time remaining: 3m 2s
Rendered 2162/4320, time remaining: 2m 59s
Rendered 2163/4320, time remaining: 2m 57s
Rendered 2164/4320, time remaining: 2m 53s
Rendered 2165/4320, time remaining: 2m 51s
Rendered 2166/4320, time remaining: 2m 47s
Rendered 2167/4320, time remaining: 2m 45s
Rendered 2168/4320, time remaining: 2m 43s
Rendered 2169/4320, time remaining: 2m 41s
Rendered 2170/4320, time remaining: 2m 38s
Rendered 2171/4320, time remaining: 2m 36s
Rendered 2172/4320, time remaining: 2m 32s
Rendered 2173/4320, time remaining: 2m 30s
Rendered 2174/4320, time remaining: 2m 28s
Rendered 2175/4320, time remaining: 2m 26s
Rendered 2176/4320, time remaining: 2m 20s
Rendered 2177/4320, time remaining: 2m 19s
Rendered 2178/4320, time remaining: 2m 16s
Rendered 2179/4320, time remaining: 2m 15s
Rendered 2180/4320, time remaining: 2m 11s
Rendered 2181/4320, time remaining: 2m 8s
Rendered 2182/4320, time remaining: 2m 6s
Rendered 2183/4320, time remaining: 2m 3s
Rendered 2184/4320, time remaining: 2m 0s
Rendered 2185/4320, time remaining: 1m 59s
Rendered 2186/4320, time remaining: 1m 56s
Rendered 2187/4320, time remaining: 1m 55s
Rendered 2188/4320, time remaining: 1m 50s
Rendered 2189/4320, time remaining: 1m 47s
Rendered 2190/4320, time remaining: 1m 45s
Rendered 2191/4320, time remaining: 1m 45s
Rendered 2192/4320, time remaining: 1m 45s
Rendered 2193/4320, time remaining: 1m 44s
Rendered 2194/4320, time remaining: 1m 45s
Rendered 2195/4320, time remaining: 1m 44s
Rendered 2196/4320, time remaining: 1m 45s
Rendered 2197/4320, time remaining: 1m 44s
Rendered 2198/4320, time remaining: 1m 45s
Rendered 2199/4320, time remaining: 1m 44s
Rendered 2200/4320, time remaining: 1m 44s
Rendered 2201/4320, time remaining: 1m 44s
Rendered 2202/4320, time remaining: 1m 44s
Rendered 2203/4320, time remaining: 1m 43s
Rendered 2204/4320, time remaining: 1m 44s
Rendered 2205/4320, time remaining: 1m 43s
Rendered 2206/4320, time remaining: 1m 44s
Rendered 2207/4320, time remaining: 1m 43s
Rendered 2208/4320, time remaining: 1m 44s
Rendered 2209/4320, time remaining: 1m 51s
Rendered 2210/4320, time remaining: 1m 52s
Rendered 2211/4320, time remaining: 1m 55s
Rendered 2212/4320, time remaining: 1m 56s
Rendered 2213/4320, time remaining: 1m 58s
Rendered 2214/4320, time remaining: 2m 4s
Rendered 2215/4320, time remaining: 2m 4s
Rendered 2216/4320, time remaining: 2m 8s
Rendered 2217/4320, time remaining: 2m 9s
Rendered 2218/4320, time remaining: 2m 15s
Rendered 2219/4320, time remaining: 2m 16s
Rendered 2220/4320, time remaining: 2m 19s
Rendered 2221/4320, time remaining: 2m 21s
Rendered 2222/4320, time remaining: 2m 25s
Rendered 2223/4320, time remaining: 2m 28s
Rendered 2224/4320, time remaining: 2m 31s
Rendered 2225/4320, time remaining: 2m 34s
Rendered 2226/4320, time remaining: 2m 37s
Rendered 2227/4320, time remaining: 2m 41s
Rendered 2228/4320, time remaining: 2m 42s
Rendered 2229/4320, time remaining: 2m 45s
Rendered 2230/4320, time remaining: 2m 50s
Rendered 2231/4320, time remaining: 2m 51s
Rendered 2232/4320, time remaining: 2m 55s
Rendered 2233/4320, time remaining: 2m 57s
Rendered 2234/4320, time remaining: 3m 1s
Rendered 2235/4320, time remaining: 3m 4s
Rendered 2236/4320, time remaining: 3m 6s
Rendered 2237/4320, time remaining: 3m 9s
Rendered 2238/4320, time remaining: 3m 13s
Rendered 2239/4320, time remaining: 3m 14s
Rendered 2240/4320, time remaining: 3m 19s
Rendered 2241/4320, time remaining: 3m 19s
Rendered 2242/4320, time remaining: 3m 23s
Rendered 2243/4320, time remaining: 3m 26s
Rendered 2244/4320, time remaining: 3m 30s
Rendered 2245/4320, time remaining: 3m 30s
Rendered 2246/4320, time remaining: 3m 34s
Rendered 2247/4320, time remaining: 3m 36s
Rendered 2248/4320, time remaining: 3m 40s
Rendered 2249/4320, time remaining: 3m 41s
Rendered 2250/4320, time remaining: 3m 45s
Rendered 2251/4320, time remaining: 3m 46s
Rendered 2252/4320, time remaining: 3m 49s
Rendered 2253/4320, time remaining: 3m 50s
Rendered 2254/4320, time remaining: 3m 56s
Rendered 2255/4320, time remaining: 3m 56s
Rendered 2256/4320, time remaining: 4m 2s
Rendered 2257/4320, time remaining: 4m 4s
Rendered 2258/4320, time remaining: 4m 10s
Rendered 2259/4320, time remaining: 4m 10s
Rendered 2260/4320, time remaining: 4m 15s
Rendered 2261/4320, time remaining: 4m 15s
Rendered 2262/4320, time remaining: 4m 22s
Rendered 2263/4320, time remaining: 4m 25s
Rendered 2264/4320, time remaining: 4m 29s
Rendered 2265/4320, time remaining: 4m 31s
Rendered 2266/4320, time remaining: 4m 35s
Rendered 2267/4320, time remaining: 4m 38s
Rendered 2268/4320, time remaining: 4m 43s
Rendered 2269/4320, time remaining: 4m 44s
Rendered 2270/4320, time remaining: 4m 48s
Rendered 2271/4320, time remaining: 4m 51s
Rendered 2272/4320, time remaining: 4m 54s
Rendered 2273/4320, time remaining: 4m 55s
Rendered 2274/4320, time remaining: 4m 59s
Rendered 2275/4320, time remaining: 5m 2s
Rendered 2276/4320, time remaining: 5m 6s
Rendered 2277/4320, time remaining: 5m 7s
Rendered 2278/4320, time remaining: 5m 13s
Rendered 2279/4320, time remaining: 5m 13s
Rendered 2280/4320, time remaining: 5m 17s
Rendered 2281/4320, time remaining: 5m 18s
Rendered 2282/4320, time remaining: 5m 22s
Rendered 2283/4320, time remaining: 5m 26s
Rendered 2284/4320, time remaining: 5m 29s
Rendered 2285/4320, time remaining: 5m 32s
Rendered 2286/4320, time remaining: 5m 41s
Rendered 2287/4320, time remaining: 5m 54s
Rendered 2288/4320, time remaining: 6m 5s
Rendered 2289/4320, time remaining: 6m 16s
Rendered 2290/4320, time remaining: 6m 23s
Rendered 2291/4320, time remaining: 6m 30s
Rendered 2292/4320, time remaining: 6m 35s
Rendered 2293/4320, time remaining: 6m 39s
Rendered 2294/4320, time remaining: 6m 46s
Rendered 2295/4320, time remaining: 6m 49s
Rendered 2296/4320, time remaining: 6m 53s
Rendered 2297/4320, time remaining: 6m 57s
Rendered 2298/4320, time remaining: 7m 1s
Rendered 2299/4320, time remaining: 7m 4s
Rendered 2300/4320, time remaining: 7m 25s
Rendered 2301/4320, time remaining: 7m 47s
Rendered 2302/4320, time remaining: 8m 5s
Rendered 2303/4320, time remaining: 8m 11s
Rendered 2304/4320, time remaining: 8m 19s
Rendered 2305/4320, time remaining: 8m 19s
Rendered 2306/4320, time remaining: 8m 25s
Rendered 2307/4320, time remaining: 8m 27s
Rendered 2308/4320, time remaining: 8m 31s
Rendered 2309/4320, time remaining: 8m 33s
Rendered 2310/4320, time remaining: 8m 37s
Rendered 2311/4320, time remaining: 8m 40s
Rendered 2312/4320, time remaining: 8m 42s
Rendered 2313/4320, time remaining: 8m 44s
Rendered 2314/4320, time remaining: 8m 49s
Rendered 2315/4320, time remaining: 8m 49s
Rendered 2316/4320, time remaining: 8m 55s
Rendered 2317/4320, time remaining: 8m 55s
Rendered 2318/4320, time remaining: 9m 1s
Rendered 2319/4320, time remaining: 9m 2s
Rendered 2320/4320, time remaining: 9m 5s
Rendered 2321/4320, time remaining: 9m 6s
Rendered 2322/4320, time remaining: 9m 9s
Rendered 2323/4320, time remaining: 9m 10s
Rendered 2324/4320, time remaining: 9m 13s
Rendered 2325/4320, time remaining: 9m 13s
Rendered 2326/4320, time remaining: 9m 16s
Rendered 2327/4320, time remaining: 9m 17s
Rendered 2328/4320, time remaining: 9m 18s
Rendered 2329/4320, time remaining: 9m 18s
Rendered 2330/4320, time remaining: 9m 18s
Rendered 2331/4320, time remaining: 9m 18s
Rendered 2332/4320, time remaining: 9m 18s
Rendered 2333/4320, time remaining: 9m 18s
Rendered 2334/4320, time remaining: 9m 17s
Rendered 2335/4320, time remaining: 9m 18s
Rendered 2336/4320, time remaining: 9m 17s
Rendered 2337/4320, time remaining: 9m 18s
Rendered 2338/4320, time remaining: 9m 17s
Rendered 2339/4320, time remaining: 9m 19s
Rendered 2340/4320, time remaining: 9m 18s
Rendered 2341/4320, time remaining: 9m 19s
Rendered 2342/4320, time remaining: 9m 19s
Rendered 2343/4320, time remaining: 9m 20s
Rendered 2344/4320, time remaining: 9m 20s
Rendered 2345/4320, time remaining: 9m 21s
Rendered 2346/4320, time remaining: 9m 20s
Rendered 2347/4320, time remaining: 9m 21s
Rendered 2348/4320, time remaining: 9m 20s
Rendered 2349/4320, time remaining: 9m 21s
Rendered 2350/4320, time remaining: 9m 21s
Rendered 2351/4320, time remaining: 9m 22s
Rendered 2352/4320, time remaining: 9m 20s
Rendered 2353/4320, time remaining: 9m 21s
Rendered 2354/4320, time remaining: 9m 20s
Rendered 2355/4320, time remaining: 9m 21s
Rendered 2356/4320, time remaining: 9m 21s
Rendered 2357/4320, time remaining: 9m 21s
Rendered 2358/4320, time remaining: 9m 20s
Rendered 2359/4320, time remaining: 9m 14s
Rendered 2360/4320, time remaining: 9m 12s
Rendered 2361/4320, time remaining: 9m 10s
Rendered 2362/4320, time remaining: 9m 9s
Rendered 2363/4320, time remaining: 9m 7s
Rendered 2364/4320, time remaining: 9m 2s
Rendered 2365/4320, time remaining: 9m 2s
Rendered 2366/4320, time remaining: 8m 58s
Rendered 2367/4320, time remaining: 8m 57s
Rendered 2368/4320, time remaining: 8m 52s
Rendered 2369/4320, time remaining: 8m 51s
Rendered 2370/4320, time remaining: 8m 48s
Rendered 2371/4320, time remaining: 8m 45s
Rendered 2372/4320, time remaining: 8m 41s
Rendered 2373/4320, time remaining: 8m 38s
Rendered 2374/4320, time remaining: 8m 36s
Rendered 2375/4320, time remaining: 8m 33s
Rendered 2376/4320, time remaining: 8m 30s
Rendered 2377/4320, time remaining: 8m 27s
Rendered 2378/4320, time remaining: 8m 26s
Rendered 2379/4320, time remaining: 8m 24s
Rendered 2380/4320, time remaining: 8m 19s
Rendered 2381/4320, time remaining: 8m 18s
Rendered 2382/4320, time remaining: 8m 14s
Rendered 2383/4320, time remaining: 8m 13s
Rendered 2384/4320, time remaining: 8m 9s
Rendered 2385/4320, time remaining: 8m 6s
Rendered 2386/4320, time remaining: 8m 4s
Rendered 2387/4320, time remaining: 8m 1s
Rendered 2388/4320, time remaining: 7m 56s
Rendered 2389/4320, time remaining: 7m 55s
Rendered 2390/4320, time remaining: 7m 51s
Rendered 2391/4320, time remaining: 7m 50s
Rendered 2392/4320, time remaining: 7m 46s
Rendered 2393/4320, time remaining: 7m 44s
Rendered 2394/4320, time remaining: 7m 41s
Rendered 2395/4320, time remaining: 7m 41s
Rendered 2396/4320, time remaining: 7m 38s
Rendered 2397/4320, time remaining: 7m 38s
Rendered 2398/4320, time remaining: 7m 33s
Rendered 2399/4320, time remaining: 7m 33s
Rendered 2400/4320, time remaining: 7m 29s
Rendered 2401/4320, time remaining: 7m 28s
Rendered 2402/4320, time remaining: 7m 26s
Rendered 2403/4320, time remaining: 7m 24s
Rendered 2404/4320, time remaining: 7m 19s
Rendered 2405/4320, time remaining: 7m 18s
Rendered 2406/4320, time remaining: 7m 14s
Rendered 2407/4320, time remaining: 7m 10s
Rendered 2408/4320, time remaining: 7m 5s
Rendered 2409/4320, time remaining: 7m 4s
Rendered 2410/4320, time remaining: 7m 0s
Rendered 2411/4320, time remaining: 6m 59s
Rendered 2412/4320, time remaining: 6m 54s
Rendered 2413/4320, time remaining: 6m 50s
Rendered 2414/4320, time remaining: 6m 48s
Rendered 2415/4320, time remaining: 6m 45s
Rendered 2416/4320, time remaining: 6m 42s
Rendered 2417/4320, time remaining: 6m 42s
Rendered 2418/4320, time remaining: 6m 39s
Rendered 2419/4320, time remaining: 6m 38s
Rendered 2420/4320, time remaining: 6m 34s
Rendered 2421/4320, time remaining: 6m 33s
Rendered 2422/4320, time remaining: 6m 30s
Rendered 2423/4320, time remaining: 6m 30s
Rendered 2424/4320, time remaining: 6m 27s
Rendered 2425/4320, time remaining: 6m 24s
Rendered 2426/4320, time remaining: 6m 20s
Rendered 2427/4320, time remaining: 6m 19s
Rendered 2428/4320, time remaining: 6m 18s
Rendered 2429/4320, time remaining: 6m 19s
Rendered 2430/4320, time remaining: 6m 18s
Rendered 2431/4320, time remaining: 6m 17s
Rendered 2432/4320, time remaining: 6m 14s
Rendered 2433/4320, time remaining: 6m 9s
Rendered 2434/4320, time remaining: 6m 7s
Rendered 2435/4320, time remaining: 6m 3s
Rendered 2436/4320, time remaining: 5m 54s
Rendered 2437/4320, time remaining: 5m 43s
Rendered 2438/4320, time remaining: 5m 32s
Rendered 2439/4320, time remaining: 5m 21s
Rendered 2440/4320, time remaining: 5m 15s
Rendered 2441/4320, time remaining: 5m 8s
Rendered 2442/4320, time remaining: 5m 3s
Rendered 2443/4320, time remaining: 4m 59s
Rendered 2444/4320, time remaining: 4m 53s
Rendered 2445/4320, time remaining: 4m 49s
Rendered 2446/4320, time remaining: 4m 45s
Rendered 2447/4320, time remaining: 4m 42s
Rendered 2448/4320, time remaining: 4m 38s
Rendered 2449/4320, time remaining: 4m 34s
Rendered 2450/4320, time remaining: 4m 15s
Rendered 2451/4320, time remaining: 3m 54s
Rendered 2452/4320, time remaining: 3m 37s
Rendered 2453/4320, time remaining: 3m 31s
Rendered 2454/4320, time remaining: 3m 23s
Rendered 2455/4320, time remaining: 3m 23s
Rendered 2456/4320, time remaining: 3m 17s
Rendered 2457/4320, time remaining: 3m 16s
Rendered 2458/4320, time remaining: 3m 11s
Rendered 2459/4320, time remaining: 3m 10s
Rendered 2460/4320, time remaining: 3m 5s
Rendered 2461/4320, time remaining: 3m 3s
Rendered 2462/4320, time remaining: 3m 0s
Rendered 2463/4320, time remaining: 2m 59s
Rendered 2464/4320, time remaining: 2m 53s
Rendered 2465/4320, time remaining: 2m 53s
Rendered 2466/4320, time remaining: 2m 47s
Rendered 2467/4320, time remaining: 2m 47s
Rendered 2468/4320, time remaining: 2m 41s
Rendered 2469/4320, time remaining: 2m 41s
Rendered 2470/4320, time remaining: 2m 37s
Rendered 2471/4320, time remaining: 2m 36s
Rendered 2472/4320, time remaining: 2m 32s
Rendered 2473/4320, time remaining: 2m 32s
Rendered 2474/4320, time remaining: 2m 28s
Rendered 2475/4320, time remaining: 2m 28s
Rendered 2476/4320, time remaining: 2m 24s
Rendered 2477/4320, time remaining: 2m 23s
Rendered 2478/4320, time remaining: 2m 22s
Rendered 2479/4320, time remaining: 2m 22s
Rendered 2480/4320, time remaining: 2m 21s
Rendered 2481/4320, time remaining: 2m 21s
Rendered 2482/4320, time remaining: 2m 21s
Rendered 2483/4320, time remaining: 2m 21s
Rendered 2484/4320, time remaining: 2m 21s
Rendered 2485/4320, time remaining: 2m 21s
Rendered 2486/4320, time remaining: 2m 20s
Rendered 2487/4320, time remaining: 2m 19s
Rendered 2488/4320, time remaining: 2m 19s
Rendered 2489/4320, time remaining: 2m 17s
Rendered 2490/4320, time remaining: 2m 17s
Rendered 2491/4320, time remaining: 2m 17s
Rendered 2492/4320, time remaining: 2m 16s
Rendered 2493/4320, time remaining: 2m 15s
Rendered 2494/4320, time remaining: 2m 15s
Rendered 2495/4320, time remaining: 2m 14s
Rendered 2496/4320, time remaining: 2m 14s
Rendered 2497/4320, time remaining: 2m 13s
Rendered 2498/4320, time remaining: 2m 13s
Rendered 2499/4320, time remaining: 2m 12s
Rendered 2500/4320, time remaining: 2m 12s
Rendered 2501/4320, time remaining: 2m 11s
Rendered 2502/4320, time remaining: 2m 11s
Rendered 2503/4320, time remaining: 2m 11s
Rendered 2504/4320, time remaining: 2m 11s
Rendered 2505/4320, time remaining: 2m 10s
Rendered 2506/4320, time remaining: 2m 10s
Rendered 2507/4320, time remaining: 2m 10s
Rendered 2508/4320, time remaining: 2m 9s
Rendered 2509/4320, time remaining: 2m 9s
Rendered 2510/4320, time remaining: 2m 9s
Rendered 2511/4320, time remaining: 2m 8s
Rendered 2512/4320, time remaining: 2m 8s
Rendered 2513/4320, time remaining: 2m 7s
Rendered 2514/4320, time remaining: 2m 7s
Rendered 2515/4320, time remaining: 2m 6s
Rendered 2516/4320, time remaining: 2m 7s
Rendered 2517/4320, time remaining: 2m 5s
Rendered 2518/4320, time remaining: 2m 6s
Rendered 2519/4320, time remaining: 2m 5s
Rendered 2520/4320, time remaining: 2m 5s
Rendered 2521/4320, time remaining: 2m 4s
Rendered 2522/4320, time remaining: 2m 5s
Rendered 2523/4320, time remaining: 2m 4s
Rendered 2524/4320, time remaining: 2m 4s
Rendered 2525/4320, time remaining: 2m 3s
Rendered 2526/4320, time remaining: 2m 3s
Rendered 2527/4320, time remaining: 2m 1s
Rendered 2528/4320, time remaining: 2m 2s
Rendered 2529/4320, time remaining: 2m 0s
Rendered 2530/4320, time remaining: 2m 1s
Rendered 2531/4320, time remaining: 2m 0s
Rendered 2532/4320, time remaining: 2m 0s
Rendered 2533/4320, time remaining: 2m 0s
Rendered 2534/4320, time remaining: 2m 0s
Rendered 2535/4320, time remaining: 1m 59s
Rendered 2536/4320, time remaining: 2m 0s
Rendered 2537/4320, time remaining: 1m 59s
Rendered 2538/4320, time remaining: 2m 0s
Rendered 2539/4320, time remaining: 1m 59s
Rendered 2540/4320, time remaining: 2m 0s
Rendered 2541/4320, time remaining: 1m 59s
Rendered 2542/4320, time remaining: 2m 0s
Rendered 2543/4320, time remaining: 1m 59s
Rendered 2544/4320, time remaining: 1m 59s
Rendered 2545/4320, time remaining: 1m 58s
Rendered 2546/4320, time remaining: 1m 57s
Rendered 2547/4320, time remaining: 1m 55s
Rendered 2548/4320, time remaining: 1m 56s
Rendered 2549/4320, time remaining: 1m 55s
Rendered 2550/4320, time remaining: 1m 55s
Rendered 2551/4320, time remaining: 1m 54s
Rendered 2552/4320, time remaining: 1m 54s
Rendered 2553/4320, time remaining: 1m 53s
Rendered 2554/4320, time remaining: 1m 53s
Rendered 2555/4320, time remaining: 1m 53s
Rendered 2556/4320, time remaining: 1m 53s
Rendered 2557/4320, time remaining: 1m 54s
Rendered 2558/4320, time remaining: 1m 53s
Rendered 2559/4320, time remaining: 1m 53s
Rendered 2560/4320, time remaining: 1m 52s
Rendered 2561/4320, time remaining: 1m 53s
Rendered 2562/4320, time remaining: 1m 52s
Rendered 2563/4320, time remaining: 1m 52s
Rendered 2564/4320, time remaining: 1m 51s
Rendered 2565/4320, time remaining: 1m 51s
Rendered 2566/4320, time remaining: 1m 51s
Rendered 2567/4320, time remaining: 1m 47s
Rendered 2568/4320, time remaining: 1m 46s
Rendered 2569/4320, time remaining: 1m 45s
Rendered 2570/4320, time remaining: 1m 45s
Rendered 2571/4320, time remaining: 1m 43s
Rendered 2572/4320, time remaining: 1m 44s
Rendered 2573/4320, time remaining: 1m 42s
Rendered 2574/4320, time remaining: 1m 42s
Rendered 2575/4320, time remaining: 1m 41s
Rendered 2576/4320, time remaining: 1m 41s
Rendered 2577/4320, time remaining: 1m 41s
Rendered 2578/4320, time remaining: 1m 36s
Rendered 2579/4320, time remaining: 1m 35s
Rendered 2580/4320, time remaining: 1m 32s
Rendered 2581/4320, time remaining: 1m 32s
Rendered 2582/4320, time remaining: 1m 34s
Rendered 2583/4320, time remaining: 1m 34s
Rendered 2584/4320, time remaining: 1m 35s
Rendered 2585/4320, time remaining: 1m 35s
Rendered 2586/4320, time remaining: 1m 35s
Rendered 2587/4320, time remaining: 1m 35s
Rendered 2588/4320, time remaining: 1m 35s
Rendered 2589/4320, time remaining: 1m 35s
Rendered 2590/4320, time remaining: 1m 36s
Rendered 2591/4320, time remaining: 1m 37s
Rendered 2592/4320, time remaining: 1m 36s
Rendered 2593/4320, time remaining: 1m 37s
Rendered 2594/4320, time remaining: 1m 36s
Rendered 2595/4320, time remaining: 1m 36s
Rendered 2596/4320, time remaining: 1m 36s
Rendered 2597/4320, time remaining: 1m 36s
Rendered 2598/4320, time remaining: 1m 36s
Rendered 2599/4320, time remaining: 1m 36s
Rendered 2600/4320, time remaining: 1m 36s
Rendered 2601/4320, time remaining: 1m 36s
Rendered 2602/4320, time remaining: 1m 36s
Rendered 2603/4320, time remaining: 1m 36s
Rendered 2604/4320, time remaining: 1m 36s
Rendered 2605/4320, time remaining: 1m 36s
Rendered 2606/4320, time remaining: 1m 36s
Rendered 2607/4320, time remaining: 1m 36s
Rendered 2608/4320, time remaining: 1m 36s
Rendered 2609/4320, time remaining: 1m 36s
Rendered 2610/4320, time remaining: 1m 36s
Rendered 2611/4320, time remaining: 1m 35s
Rendered 2612/4320, time remaining: 1m 36s
Rendered 2613/4320, time remaining: 1m 35s
Rendered 2614/4320, time remaining: 1m 36s
Rendered 2615/4320, time remaining: 1m 35s
Rendered 2616/4320, time remaining: 1m 36s
Rendered 2617/4320, time remaining: 1m 44s
Rendered 2618/4320, time remaining: 1m 47s
Rendered 2619/4320, time remaining: 1m 48s
Rendered 2620/4320, time remaining: 1m 50s
Rendered 2621/4320, time remaining: 1m 52s
Rendered 2622/4320, time remaining: 1m 55s
Rendered 2623/4320, time remaining: 1m 57s
Rendered 2624/4320, time remaining: 2m 1s
Rendered 2625/4320, time remaining: 2m 2s
Rendered 2626/4320, time remaining: 2m 5s
Rendered 2627/4320, time remaining: 2m 8s
Rendered 2628/4320, time remaining: 2m 12s
Rendered 2629/4320, time remaining: 2m 14s
Rendered 2630/4320, time remaining: 2m 19s
Rendered 2631/4320, time remaining: 2m 22s
Rendered 2632/4320, time remaining: 2m 22s
Rendered 2633/4320, time remaining: 2m 25s
Rendered 2634/4320, time remaining: 2m 26s
Rendered 2635/4320, time remaining: 2m 27s
Rendered 2636/4320, time remaining: 2m 29s
Rendered 2637/4320, time remaining: 2m 30s
Rendered 2638/4320, time remaining: 2m 31s
Rendered 2639/4320, time remaining: 2m 33s
Rendered 2640/4320, time remaining: 2m 34s
Rendered 2641/4320, time remaining: 2m 34s
Rendered 2642/4320, time remaining: 2m 36s
Rendered 2643/4320, time remaining: 2m 37s
Rendered 2644/4320, time remaining: 2m 38s
Rendered 2645/4320, time remaining: 2m 40s
Rendered 2646/4320, time remaining: 2m 42s
Rendered 2647/4320, time remaining: 2m 43s
Rendered 2648/4320, time remaining: 2m 44s
Rendered 2649/4320, time remaining: 2m 45s
Rendered 2650/4320, time remaining: 2m 47s
Rendered 2651/4320, time remaining: 2m 47s
Rendered 2652/4320, time remaining: 2m 49s
Rendered 2653/4320, time remaining: 2m 50s
Rendered 2654/4320, time remaining: 2m 53s
Rendered 2655/4320, time remaining: 2m 53s
Rendered 2656/4320, time remaining: 2m 56s
Rendered 2657/4320, time remaining: 2m 56s
Rendered 2658/4320, time remaining: 2m 59s
Rendered 2659/4320, time remaining: 2m 59s
Rendered 2660/4320, time remaining: 3m 1s
Rendered 2661/4320, time remaining: 3m 1s
Rendered 2662/4320, time remaining: 3m 4s
Rendered 2663/4320, time remaining: 3m 5s
Rendered 2664/4320, time remaining: 3m 6s
Rendered 2665/4320, time remaining: 3m 8s
Rendered 2666/4320, time remaining: 3m 9s
Rendered 2667/4320, time remaining: 3m 11s
Rendered 2668/4320, time remaining: 3m 11s
Rendered 2669/4320, time remaining: 3m 14s
Rendered 2670/4320, time remaining: 3m 15s
Rendered 2671/4320, time remaining: 3m 16s
Rendered 2672/4320, time remaining: 3m 17s
Rendered 2673/4320, time remaining: 3m 18s
Rendered 2674/4320, time remaining: 3m 19s
Rendered 2675/4320, time remaining: 3m 21s
Rendered 2676/4320, time remaining: 3m 21s
Rendered 2677/4320, time remaining: 3m 23s
Rendered 2678/4320, time remaining: 3m 23s
Rendered 2679/4320, time remaining: 3m 25s
Rendered 2680/4320, time remaining: 3m 26s
Rendered 2681/4320, time remaining: 3m 27s
Rendered 2682/4320, time remaining: 3m 29s
Rendered 2683/4320, time remaining: 3m 30s
Rendered 2684/4320, time remaining: 3m 33s
Rendered 2685/4320, time remaining: 3m 35s
Rendered 2686/4320, time remaining: 3m 36s
Rendered 2687/4320, time remaining: 3m 38s
Rendered 2688/4320, time remaining: 3m 39s
Rendered 2689/4320, time remaining: 3m 41s
Rendered 2690/4320, time remaining: 3m 41s
Rendered 2691/4320, time remaining: 3m 42s
Rendered 2692/4320, time remaining: 3m 43s
Rendered 2693/4320, time remaining: 3m 44s
Rendered 2694/4320, time remaining: 3m 45s
Rendered 2695/4320, time remaining: 3m 46s
Rendered 2696/4320, time remaining: 3m 47s
Rendered 2697/4320, time remaining: 3m 48s
Rendered 2698/4320, time remaining: 3m 49s
Rendered 2699/4320, time remaining: 3m 50s
Rendered 2700/4320, time remaining: 3m 52s
Rendered 2701/4320, time remaining: 3m 53s
Rendered 2702/4320, time remaining: 3m 54s
Rendered 2703/4320, time remaining: 3m 55s
Rendered 2704/4320, time remaining: 3m 57s
Rendered 2705/4320, time remaining: 3m 58s
Rendered 2706/4320, time remaining: 3m 59s
Rendered 2707/4320, time remaining: 4m 1s
Rendered 2708/4320, time remaining: 4m 1s
Rendered 2709/4320, time remaining: 4m 2s
Rendered 2710/4320, time remaining: 4m 5s
Rendered 2711/4320, time remaining: 4m 6s
Rendered 2712/4320, time remaining: 4m 7s
Rendered 2713/4320, time remaining: 4m 8s
Rendered 2714/4320, time remaining: 4m 10s
Rendered 2715/4320, time remaining: 4m 12s
Rendered 2716/4320, time remaining: 4m 13s
Rendered 2717/4320, time remaining: 4m 14s
Rendered 2718/4320, time remaining: 4m 16s
Rendered 2719/4320, time remaining: 4m 16s
Rendered 2720/4320, time remaining: 4m 17s
Rendered 2721/4320, time remaining: 4m 18s
Rendered 2722/4320, time remaining: 4m 20s
Rendered 2723/4320, time remaining: 4m 20s
Rendered 2724/4320, time remaining: 4m 21s
Rendered 2725/4320, time remaining: 4m 22s
Rendered 2726/4320, time remaining: 4m 24s
Rendered 2727/4320, time remaining: 4m 26s
Rendered 2728/4320, time remaining: 4m 27s
Rendered 2729/4320, time remaining: 4m 28s
Rendered 2730/4320, time remaining: 4m 30s
Rendered 2731/4320, time remaining: 4m 31s
Rendered 2732/4320, time remaining: 4m 30s
Rendered 2733/4320, time remaining: 4m 30s
Rendered 2734/4320, time remaining: 4m 31s
Rendered 2735/4320, time remaining: 4m 32s
Rendered 2736/4320, time remaining: 4m 33s
Rendered 2737/4320, time remaining: 4m 34s
Rendered 2738/4320, time remaining: 4m 33s
Rendered 2739/4320, time remaining: 4m 33s
Rendered 2740/4320, time remaining: 4m 31s
Rendered 2741/4320, time remaining: 4m 31s
Rendered 2742/4320, time remaining: 4m 31s
Rendered 2743/4320, time remaining: 4m 30s
Rendered 2744/4320, time remaining: 4m 30s
Rendered 2745/4320, time remaining: 4m 30s
Rendered 2746/4320, time remaining: 4m 30s
Rendered 2747/4320, time remaining: 4m 29s
Rendered 2748/4320, time remaining: 4m 29s
Rendered 2749/4320, time remaining: 4m 29s
Rendered 2750/4320, time remaining: 4m 29s
Rendered 2751/4320, time remaining: 4m 29s
Rendered 2752/4320, time remaining: 4m 28s
Rendered 2753/4320, time remaining: 4m 28s
Rendered 2754/4320, time remaining: 4m 28s
Rendered 2755/4320, time remaining: 4m 28s
Rendered 2756/4320, time remaining: 4m 28s
Rendered 2757/4320, time remaining: 4m 28s
Rendered 2758/4320, time remaining: 4m 27s
Rendered 2759/4320, time remaining: 4m 27s
Rendered 2760/4320, time remaining: 4m 27s
Rendered 2761/4320, time remaining: 4m 27s
Rendered 2762/4320, time remaining: 4m 27s
Rendered 2763/4320, time remaining: 4m 26s
Rendered 2764/4320, time remaining: 4m 26s
Rendered 2765/4320, time remaining: 4m 26s
Rendered 2766/4320, time remaining: 4m 26s
Rendered 2767/4320, time remaining: 4m 18s
Rendered 2768/4320, time remaining: 4m 15s
Rendered 2769/4320, time remaining: 4m 13s
Rendered 2770/4320, time remaining: 4m 11s
Rendered 2771/4320, time remaining: 4m 9s
Rendered 2772/4320, time remaining: 4m 6s
Rendered 2773/4320, time remaining: 4m 5s
Rendered 2774/4320, time remaining: 4m 1s
Rendered 2775/4320, time remaining: 4m 0s
Rendered 2776/4320, time remaining: 3m 57s
Rendered 2777/4320, time remaining: 3m 54s
Rendered 2778/4320, time remaining: 3m 50s
Rendered 2779/4320, time remaining: 3m 48s
Rendered 2780/4320, time remaining: 3m 43s
Rendered 2781/4320, time remaining: 3m 40s
Rendered 2782/4320, time remaining: 3m 40s
Rendered 2783/4320, time remaining: 3m 37s
Rendered 2784/4320, time remaining: 3m 35s
Rendered 2785/4320, time remaining: 3m 34s
Rendered 2786/4320, time remaining: 3m 32s
Rendered 2787/4320, time remaining: 3m 31s
Rendered 2788/4320, time remaining: 3m 29s
Rendered 2789/4320, time remaining: 3m 28s
Rendered 2790/4320, time remaining: 3m 27s
Rendered 2791/4320, time remaining: 3m 26s
Rendered 2792/4320, time remaining: 3m 24s
Rendered 2793/4320, time remaining: 3m 23s
Rendered 2794/4320, time remaining: 3m 22s
Rendered 2795/4320, time remaining: 3m 20s
Rendered 2796/4320, time remaining: 3m 18s
Rendered 2797/4320, time remaining: 3m 17s
Rendered 2798/4320, time remaining: 3m 16s
Rendered 2799/4320, time remaining: 3m 15s
Rendered 2800/4320, time remaining: 3m 13s
Rendered 2801/4320, time remaining: 3m 13s
Rendered 2802/4320, time remaining: 3m 10s
Rendered 2803/4320, time remaining: 3m 9s
Rendered 2804/4320, time remaining: 3m 7s
Rendered 2805/4320, time remaining: 3m 6s
Rendered 2806/4320, time remaining: 3m 3s
Rendered 2807/4320, time remaining: 3m 3s
Rendered 2808/4320, time remaining: 3m 0s
Rendered 2809/4320, time remaining: 3m 0s
Rendered 2810/4320, time remaining: 2m 58s
Rendered 2811/4320, time remaining: 2m 57s
Rendered 2812/4320, time remaining: 2m 55s
Rendered 2813/4320, time remaining: 2m 54s
Rendered 2814/4320, time remaining: 2m 52s
Rendered 2815/4320, time remaining: 2m 50s
Rendered 2816/4320, time remaining: 2m 49s
Rendered 2817/4320, time remaining: 2m 47s
Rendered 2818/4320, time remaining: 2m 47s
Rendered 2819/4320, time remaining: 2m 44s
Rendered 2820/4320, time remaining: 2m 43s
Rendered 2821/4320, time remaining: 2m 42s
Rendered 2822/4320, time remaining: 2m 40s
Rendered 2823/4320, time remaining: 2m 39s
Rendered 2824/4320, time remaining: 2m 38s
Rendered 2825/4320, time remaining: 2m 37s
Rendered 2826/4320, time remaining: 2m 36s
Rendered 2827/4320, time remaining: 2m 35s
Rendered 2828/4320, time remaining: 2m 33s
Rendered 2829/4320, time remaining: 2m 32s
Rendered 2830/4320, time remaining: 2m 30s
Rendered 2831/4320, time remaining: 2m 29s
Rendered 2832/4320, time remaining: 2m 27s
Rendered 2833/4320, time remaining: 2m 26s
Rendered 2834/4320, time remaining: 2m 23s
Rendered 2835/4320, time remaining: 2m 21s
Rendered 2836/4320, time remaining: 2m 20s
Rendered 2837/4320, time remaining: 2m 18s
Rendered 2838/4320, time remaining: 2m 16s
Rendered 2839/4320, time remaining: 2m 15s
Rendered 2840/4320, time remaining: 2m 14s
Rendered 2841/4320, time remaining: 2m 13s
Rendered 2842/4320, time remaining: 2m 11s
Rendered 2843/4320, time remaining: 2m 10s
Rendered 2844/4320, time remaining: 2m 9s
Rendered 2845/4320, time remaining: 2m 8s
Rendered 2846/4320, time remaining: 2m 7s
Rendered 2847/4320, time remaining: 2m 6s
Rendered 2848/4320, time remaining: 2m 5s
Rendered 2849/4320, time remaining: 2m 4s
Rendered 2850/4320, time remaining: 2m 2s
Rendered 2851/4320, time remaining: 2m 2s
Rendered 2852/4320, time remaining: 2m 0s
Rendered 2853/4320, time remaining: 2m 0s
Rendered 2854/4320, time remaining: 1m 57s
Rendered 2855/4320, time remaining: 1m 58s
Rendered 2856/4320, time remaining: 1m 56s
Rendered 2857/4320, time remaining: 1m 54s
Rendered 2858/4320, time remaining: 1m 53s
Rendered 2859/4320, time remaining: 1m 52s
Rendered 2860/4320, time remaining: 1m 50s
Rendered 2861/4320, time remaining: 1m 49s
Rendered 2862/4320, time remaining: 1m 47s
Rendered 2863/4320, time remaining: 1m 46s
Rendered 2864/4320, time remaining: 1m 44s
Rendered 2865/4320, time remaining: 1m 42s
Rendered 2866/4320, time remaining: 1m 41s
Rendered 2867/4320, time remaining: 1m 40s
Rendered 2868/4320, time remaining: 1m 38s
Rendered 2869/4320, time remaining: 1m 38s
Rendered 2870/4320, time remaining: 1m 36s
Rendered 2871/4320, time remaining: 1m 36s
Rendered 2872/4320, time remaining: 1m 34s
Rendered 2873/4320, time remaining: 1m 33s
Rendered 2874/4320, time remaining: 1m 31s
Rendered 2875/4320, time remaining: 1m 31s
Rendered 2876/4320, time remaining: 1m 28s
Rendered 2877/4320, time remaining: 1m 27s
Rendered 2878/4320, time remaining: 1m 26s
Rendered 2879/4320, time remaining: 1m 24s
Rendered 2880/4320, time remaining: 1m 22s
Rendered 2881/4320, time remaining: 1m 21s
Rendered 2882/4320, time remaining: 1m 20s
Rendered 2883/4320, time remaining: 1m 19s
Rendered 2884/4320, time remaining: 1m 17s
Rendered 2885/4320, time remaining: 1m 16s
Rendered 2886/4320, time remaining: 1m 15s
Rendered 2887/4320, time remaining: 1m 14s
Rendered 2888/4320, time remaining: 1m 14s
Rendered 2889/4320, time remaining: 1m 14s
Rendered 2890/4320, time remaining: 1m 14s
Rendered 2891/4320, time remaining: 1m 14s
Rendered 2892/4320, time remaining: 1m 14s
Rendered 2893/4320, time remaining: 1m 14s
Rendered 2894/4320, time remaining: 1m 14s
Rendered 2895/4320, time remaining: 1m 14s
Rendered 2896/4320, time remaining: 1m 14s
Rendered 2897/4320, time remaining: 1m 14s
Rendered 2898/4320, time remaining: 1m 13s
Rendered 2899/4320, time remaining: 1m 13s
Rendered 2900/4320, time remaining: 1m 13s
Rendered 2901/4320, time remaining: 1m 13s
Rendered 2902/4320, time remaining: 1m 13s
Rendered 2903/4320, time remaining: 1m 13s
Rendered 2904/4320, time remaining: 1m 13s
Rendered 2905/4320, time remaining: 1m 13s
Rendered 2906/4320, time remaining: 1m 13s
Rendered 2907/4320, time remaining: 1m 13s
Rendered 2908/4320, time remaining: 1m 13s
Rendered 2909/4320, time remaining: 1m 13s
Rendered 2910/4320, time remaining: 1m 12s
Rendered 2911/4320, time remaining: 1m 12s
Rendered 2912/4320, time remaining: 1m 12s
Rendered 2913/4320, time remaining: 1m 12s
Rendered 2914/4320, time remaining: 1m 12s
Rendered 2915/4320, time remaining: 1m 12s
Rendered 2916/4320, time remaining: 1m 12s
Rendered 2917/4320, time remaining: 1m 13s
Rendered 2918/4320, time remaining: 1m 13s
Rendered 2919/4320, time remaining: 1m 13s
Rendered 2920/4320, time remaining: 1m 13s
Rendered 2921/4320, time remaining: 1m 13s
Rendered 2922/4320, time remaining: 1m 13s
Rendered 2923/4320, time remaining: 1m 12s
Rendered 2924/4320, time remaining: 1m 12s
Rendered 2925/4320, time remaining: 1m 12s
Rendered 2926/4320, time remaining: 1m 12s
Rendered 2927/4320, time remaining: 1m 12s
Rendered 2928/4320, time remaining: 1m 12s
Rendered 2929/4320, time remaining: 1m 12s
Rendered 2930/4320, time remaining: 1m 12s
Rendered 2931/4320, time remaining: 1m 12s
Rendered 2932/4320, time remaining: 1m 12s
Rendered 2933/4320, time remaining: 1m 12s
Rendered 2934/4320, time remaining: 1m 12s
Rendered 2935/4320, time remaining: 1m 12s
Rendered 2936/4320, time remaining: 1m 12s
Rendered 2937/4320, time remaining: 1m 11s
Rendered 2938/4320, time remaining: 1m 11s
Rendered 2939/4320, time remaining: 1m 11s
Rendered 2940/4320, time remaining: 1m 11s
Rendered 2941/4320, time remaining: 1m 11s
Rendered 2942/4320, time remaining: 1m 11s
Rendered 2943/4320, time remaining: 1m 11s
Rendered 2944/4320, time remaining: 1m 11s
Rendered 2945/4320, time remaining: 1m 11s
Rendered 2946/4320, time remaining: 1m 11s
Rendered 2947/4320, time remaining: 1m 10s
Rendered 2948/4320, time remaining: 1m 11s
Rendered 2949/4320, time remaining: 1m 10s
Rendered 2950/4320, time remaining: 1m 10s
Rendered 2951/4320, time remaining: 1m 10s
Rendered 2952/4320, time remaining: 1m 10s
Rendered 2953/4320, time remaining: 1m 10s
Rendered 2954/4320, time remaining: 1m 10s
Rendered 2955/4320, time remaining: 1m 10s
Rendered 2956/4320, time remaining: 1m 10s
Rendered 2957/4320, time remaining: 1m 9s
Rendered 2958/4320, time remaining: 1m 9s
Rendered 2959/4320, time remaining: 1m 9s
Rendered 2960/4320, time remaining: 1m 9s
Rendered 2961/4320, time remaining: 1m 9s
Rendered 2962/4320, time remaining: 1m 9s
Rendered 2963/4320, time remaining: 1m 9s
Rendered 2964/4320, time remaining: 1m 9s
Rendered 2965/4320, time remaining: 1m 9s
Rendered 2966/4320, time remaining: 1m 9s
Rendered 2967/4320, time remaining: 1m 9s
Rendered 2968/4320, time remaining: 1m 9s
Rendered 2969/4320, time remaining: 1m 9s
Rendered 2970/4320, time remaining: 1m 9s
Rendered 2971/4320, time remaining: 1m 8s
Rendered 2972/4320, time remaining: 1m 8s
Rendered 2973/4320, time remaining: 1m 8s
Rendered 2974/4320, time remaining: 1m 8s
Rendered 2975/4320, time remaining: 1m 8s
Rendered 2976/4320, time remaining: 1m 8s
Rendered 2977/4320, time remaining: 1m 8s
Rendered 2978/4320, time remaining: 1m 8s
Rendered 2979/4320, time remaining: 1m 8s
Rendered 2980/4320, time remaining: 1m 8s
Rendered 2981/4320, time remaining: 1m 8s
Rendered 2982/4320, time remaining: 1m 7s
Rendered 2983/4320, time remaining: 1m 8s
Rendered 2984/4320, time remaining: 1m 7s
Rendered 2985/4320, time remaining: 1m 7s
Rendered 2986/4320, time remaining: 1m 7s
Rendered 2987/4320, time remaining: 1m 7s
Rendered 2988/4320, time remaining: 1m 7s
Rendered 2989/4320, time remaining: 1m 7s
Rendered 2990/4320, time remaining: 1m 6s
Rendered 2991/4320, time remaining: 1m 6s
Rendered 2992/4320, time remaining: 1m 6s
Rendered 2993/4320, time remaining: 1m 6s
Rendered 2994/4320, time remaining: 1m 6s
Rendered 2995/4320, time remaining: 1m 6s
Rendered 2996/4320, time remaining: 1m 6s
Rendered 2997/4320, time remaining: 1m 6s
Rendered 2998/4320, time remaining: 1m 6s
Rendered 2999/4320, time remaining: 1m 5s
Rendered 3000/4320, time remaining: 1m 5s
Rendered 3001/4320, time remaining: 1m 5s
Rendered 3002/4320, time remaining: 1m 5s
Rendered 3003/4320, time remaining: 1m 5s
Rendered 3004/4320, time remaining: 1m 5s
Rendered 3005/4320, time remaining: 1m 3s
Rendered 3006/4320, time remaining: 1m 3s
Rendered 3007/4320, time remaining: 1m 3s
Rendered 3008/4320, time remaining: 1m 3s
Rendered 3009/4320, time remaining: 1m 3s
Rendered 3010/4320, time remaining: 1m 3s
Rendered 3011/4320, time remaining: 1m 3s
Rendered 3012/4320, time remaining: 1m 3s
Rendered 3013/4320, time remaining: 1m 3s
Rendered 3014/4320, time remaining: 1m 3s
Rendered 3015/4320, time remaining: 1m 3s
Rendered 3016/4320, time remaining: 1m 3s
Rendered 3017/4320, time remaining: 1m 2s
Rendered 3018/4320, time remaining: 1m 2s
Rendered 3019/4320, time remaining: 1m 2s
Rendered 3020/4320, time remaining: 1m 2s
Rendered 3021/4320, time remaining: 1m 2s
Rendered 3022/4320, time remaining: 1m 2s
Rendered 3023/4320, time remaining: 1m 2s
Rendered 3024/4320, time remaining: 1m 2s
Rendered 3025/4320, time remaining: 1m 2s
Rendered 3026/4320, time remaining: 1m 2s
Rendered 3027/4320, time remaining: 1m 2s
Rendered 3028/4320, time remaining: 1m 2s
Rendered 3029/4320, time remaining: 1m 2s
Rendered 3030/4320, time remaining: 1m 2s
Rendered 3031/4320, time remaining: 1m 2s
Rendered 3032/4320, time remaining: 1m 1s
Rendered 3033/4320, time remaining: 1m 2s
Rendered 3034/4320, time remaining: 1m 2s
Rendered 3035/4320, time remaining: 1m 1s
Rendered 3036/4320, time remaining: 1m 2s
Rendered 3037/4320, time remaining: 1m 1s
Rendered 3038/4320, time remaining: 1m 1s
Rendered 3039/4320, time remaining: 1m 1s
Rendered 3040/4320, time remaining: 1m 1s
Rendered 3041/4320, time remaining: 1m 1s
Rendered 3042/4320, time remaining: 1m 1s
Rendered 3043/4320, time remaining: 1m 1s
Rendered 3044/4320, time remaining: 1m 1s
Rendered 3045/4320, time remaining: 1m 1s
Rendered 3046/4320, time remaining: 1m 1s
Rendered 3047/4320, time remaining: 1m 1s
Rendered 3048/4320, time remaining: 1m 1s
Rendered 3049/4320, time remaining: 1m 3s
Rendered 3050/4320, time remaining: 1m 4s
Rendered 3051/4320, time remaining: 1m 5s
Rendered 3052/4320, time remaining: 1m 6s
Rendered 3053/4320, time remaining: 1m 9s
Rendered 3054/4320, time remaining: 1m 9s
Rendered 3055/4320, time remaining: 1m 11s
Rendered 3056/4320, time remaining: 1m 13s
Rendered 3057/4320, time remaining: 1m 15s
Rendered 3058/4320, time remaining: 1m 15s
Rendered 3059/4320, time remaining: 1m 17s
Rendered 3060/4320, time remaining: 1m 17s
Rendered 3061/4320, time remaining: 1m 20s
Rendered 3062/4320, time remaining: 1m 21s
Rendered 3063/4320, time remaining: 1m 22s
Rendered 3064/4320, time remaining: 1m 23s
Rendered 3065/4320, time remaining: 1m 24s
Rendered 3066/4320, time remaining: 1m 26s
Rendered 3067/4320, time remaining: 1m 27s
Rendered 3068/4320, time remaining: 1m 29s
Rendered 3069/4320, time remaining: 1m 30s
Rendered 3070/4320, time remaining: 1m 31s
Rendered 3071/4320, time remaining: 1m 33s
Rendered 3072/4320, time remaining: 1m 34s
Rendered 3073/4320, time remaining: 1m 36s
Rendered 3074/4320, time remaining: 1m 37s
Rendered 3075/4320, time remaining: 1m 39s
Rendered 3076/4320, time remaining: 1m 40s
Rendered 3077/4320, time remaining: 1m 42s
Rendered 3078/4320, time remaining: 1m 44s
Rendered 3079/4320, time remaining: 1m 44s
Rendered 3080/4320, time remaining: 1m 46s
Rendered 3081/4320, time remaining: 1m 49s
Rendered 3082/4320, time remaining: 1m 50s
Rendered 3083/4320, time remaining: 1m 53s
Rendered 3084/4320, time remaining: 1m 57s
Rendered 3085/4320, time remaining: 1m 59s
Rendered 3086/4320, time remaining: 2m 0s
Rendered 3087/4320, time remaining: 2m 3s
Rendered 3088/4320, time remaining: 2m 5s
Rendered 3089/4320, time remaining: 2m 8s
Rendered 3090/4320, time remaining: 2m 10s
Rendered 3091/4320, time remaining: 2m 11s
Rendered 3092/4320, time remaining: 2m 14s
Rendered 3093/4320, time remaining: 2m 16s
Rendered 3094/4320, time remaining: 2m 17s
Rendered 3095/4320, time remaining: 2m 21s
Rendered 3096/4320, time remaining: 2m 25s
Rendered 3097/4320, time remaining: 2m 30s
Rendered 3098/4320, time remaining: 2m 34s
Rendered 3099/4320, time remaining: 2m 36s
Rendered 3100/4320, time remaining: 2m 38s
Rendered 3101/4320, time remaining: 2m 40s
Rendered 3102/4320, time remaining: 2m 42s
Rendered 3103/4320, time remaining: 2m 45s
Rendered 3104/4320, time remaining: 2m 47s
Rendered 3105/4320, time remaining: 2m 49s
Rendered 3106/4320, time remaining: 2m 51s
Rendered 3107/4320, time remaining: 2m 55s
Rendered 3108/4320, time remaining: 2m 58s
Rendered 3109/4320, time remaining: 3m 1s
Rendered 3110/4320, time remaining: 3m 4s
Rendered 3111/4320, time remaining: 3m 6s
Rendered 3112/4320, time remaining: 3m 8s
Rendered 3113/4320, time remaining: 3m 10s
Rendered 3114/4320, time remaining: 3m 13s
Rendered 3115/4320, time remaining: 3m 14s
Rendered 3116/4320, time remaining: 3m 16s
Rendered 3117/4320, time remaining: 3m 20s
Rendered 3118/4320, time remaining: 3m 20s
Rendered 3119/4320, time remaining: 3m 22s
Rendered 3120/4320, time remaining: 3m 23s
Rendered 3121/4320, time remaining: 3m 25s
Rendered 3122/4320, time remaining: 3m 27s
Rendered 3123/4320, time remaining: 3m 28s
Rendered 3124/4320, time remaining: 3m 30s
Rendered 3125/4320, time remaining: 3m 33s
Rendered 3126/4320, time remaining: 3m 34s
Rendered 3127/4320, time remaining: 3m 36s
Rendered 3128/4320, time remaining: 3m 37s
Rendered 3129/4320, time remaining: 3m 40s
Rendered 3130/4320, time remaining: 3m 41s
Rendered 3131/4320, time remaining: 3m 44s
Rendered 3132/4320, time remaining: 3m 45s
Rendered 3133/4320, time remaining: 3m 47s
Rendered 3134/4320, time remaining: 3m 48s
Rendered 3135/4320, time remaining: 3m 50s
Rendered 3136/4320, time remaining: 3m 51s
Rendered 3137/4320, time remaining: 3m 53s
Rendered 3138/4320, time remaining: 3m 55s
Rendered 3139/4320, time remaining: 3m 55s
Rendered 3140/4320, time remaining: 3m 57s
Rendered 3141/4320, time remaining: 3m 59s
Rendered 3142/4320, time remaining: 4m 0s
Rendered 3143/4320, time remaining: 4m 3s
Rendered 3144/4320, time remaining: 4m 4s
Rendered 3145/4320, time remaining: 4m 7s
Rendered 3146/4320, time remaining: 4m 8s
Rendered 3147/4320, time remaining: 4m 9s
Rendered 3148/4320, time remaining: 4m 11s
Rendered 3149/4320, time remaining: 4m 12s
Rendered 3150/4320, time remaining: 4m 14s
Rendered 3151/4320, time remaining: 4m 15s
Rendered 3152/4320, time remaining: 4m 16s
Rendered 3153/4320, time remaining: 4m 18s
Rendered 3154/4320, time remaining: 4m 19s
Rendered 3155/4320, time remaining: 4m 21s
Rendered 3156/4320, time remaining: 4m 22s
Rendered 3157/4320, time remaining: 4m 23s
Rendered 3158/4320, time remaining: 4m 24s
Rendered 3159/4320, time remaining: 4m 25s
Rendered 3160/4320, time remaining: 4m 27s
Rendered 3161/4320, time remaining: 4m 28s
Rendered 3162/4320, time remaining: 4m 29s
Rendered 3163/4320, time remaining: 4m 31s
Rendered 3164/4320, time remaining: 4m 32s
Rendered 3165/4320, time remaining: 4m 34s
Rendered 3166/4320, time remaining: 4m 35s
Rendered 3167/4320, time remaining: 4m 36s
Rendered 3168/4320, time remaining: 4m 37s
Rendered 3169/4320, time remaining: 4m 37s
Rendered 3170/4320, time remaining: 4m 37s
Rendered 3171/4320, time remaining: 4m 37s
Rendered 3172/4320, time remaining: 4m 37s
Rendered 3173/4320, time remaining: 4m 37s
Rendered 3174/4320, time remaining: 4m 36s
Rendered 3175/4320, time remaining: 4m 36s
Rendered 3176/4320, time remaining: 4m 36s
Rendered 3177/4320, time remaining: 4m 36s
Rendered 3178/4320, time remaining: 4m 35s
Rendered 3179/4320, time remaining: 4m 35s
Rendered 3180/4320, time remaining: 4m 35s
Rendered 3181/4320, time remaining: 4m 35s
Rendered 3182/4320, time remaining: 4m 35s
Rendered 3183/4320, time remaining: 4m 34s
Rendered 3184/4320, time remaining: 4m 34s
Rendered 3185/4320, time remaining: 4m 34s
Rendered 3186/4320, time remaining: 4m 34s
Rendered 3187/4320, time remaining: 4m 33s
Rendered 3188/4320, time remaining: 4m 33s
Rendered 3189/4320, time remaining: 4m 33s
Rendered 3190/4320, time remaining: 4m 33s
Rendered 3191/4320, time remaining: 4m 33s
Rendered 3192/4320, time remaining: 4m 32s
Rendered 3193/4320, time remaining: 4m 32s
Rendered 3194/4320, time remaining: 4m 32s
Rendered 3195/4320, time remaining: 4m 32s
Rendered 3196/4320, time remaining: 4m 31s
Rendered 3197/4320, time remaining: 4m 31s
Rendered 3198/4320, time remaining: 4m 31s
Rendered 3199/4320, time remaining: 4m 29s
Rendered 3200/4320, time remaining: 4m 27s
Rendered 3201/4320, time remaining: 4m 26s
Rendered 3202/4320, time remaining: 4m 25s
Rendered 3203/4320, time remaining: 4m 23s
Rendered 3204/4320, time remaining: 4m 22s
Rendered 3205/4320, time remaining: 4m 20s
Rendered 3206/4320, time remaining: 4m 18s
Rendered 3207/4320, time remaining: 4m 16s
Rendered 3208/4320, time remaining: 4m 15s
Rendered 3209/4320, time remaining: 4m 14s
Rendered 3210/4320, time remaining: 4m 13s
Rendered 3211/4320, time remaining: 4m 10s
Rendered 3212/4320, time remaining: 4m 9s
Rendered 3213/4320, time remaining: 4m 8s
Rendered 3214/4320, time remaining: 4m 7s
Rendered 3215/4320, time remaining: 4m 5s
Rendered 3216/4320, time remaining: 4m 3s
Rendered 3217/4320, time remaining: 4m 2s
Rendered 3218/4320, time remaining: 4m 0s
Rendered 3219/4320, time remaining: 3m 58s
Rendered 3220/4320, time remaining: 3m 57s
Rendered 3221/4320, time remaining: 3m 56s
Rendered 3222/4320, time remaining: 3m 55s
Rendered 3223/4320, time remaining: 3m 52s
Rendered 3224/4320, time remaining: 3m 51s
Rendered 3225/4320, time remaining: 3m 49s
Rendered 3226/4320, time remaining: 3m 48s
Rendered 3227/4320, time remaining: 3m 46s
Rendered 3228/4320, time remaining: 3m 44s
Rendered 3229/4320, time remaining: 3m 43s
Rendered 3230/4320, time remaining: 3m 41s
Rendered 3231/4320, time remaining: 3m 39s
Rendered 3232/4320, time remaining: 3m 38s
Rendered 3233/4320, time remaining: 3m 35s
Rendered 3234/4320, time remaining: 3m 31s
Rendered 3235/4320, time remaining: 3m 29s
Rendered 3236/4320, time remaining: 3m 28s
Rendered 3237/4320, time remaining: 3m 25s
Rendered 3238/4320, time remaining: 3m 23s
Rendered 3239/4320, time remaining: 3m 20s
Rendered 3240/4320, time remaining: 3m 18s
Rendered 3241/4320, time remaining: 3m 17s
Rendered 3242/4320, time remaining: 3m 14s
Rendered 3243/4320, time remaining: 3m 12s
Rendered 3244/4320, time remaining: 3m 11s
Rendered 3245/4320, time remaining: 3m 7s
Rendered 3246/4320, time remaining: 3m 3s
Rendered 3247/4320, time remaining: 2m 59s
Rendered 3248/4320, time remaining: 2m 55s
Rendered 3249/4320, time remaining: 2m 53s
Rendered 3250/4320, time remaining: 2m 51s
Rendered 3251/4320, time remaining: 2m 49s
Rendered 3252/4320, time remaining: 2m 47s
Rendered 3253/4320, time remaining: 2m 44s
Rendered 3254/4320, time remaining: 2m 42s
Rendered 3255/4320, time remaining: 2m 40s
Rendered 3256/4320, time remaining: 2m 38s
Rendered 3257/4320, time remaining: 2m 34s
Rendered 3258/4320, time remaining: 2m 32s
Rendered 3259/4320, time remaining: 2m 28s
Rendered 3260/4320, time remaining: 2m 25s
Rendered 3261/4320, time remaining: 2m 24s
Rendered 3262/4320, time remaining: 2m 21s
Rendered 3263/4320, time remaining: 2m 20s
Rendered 3264/4320, time remaining: 2m 17s
Rendered 3265/4320, time remaining: 2m 15s
Rendered 3266/4320, time remaining: 2m 13s
Rendered 3267/4320, time remaining: 2m 10s
Rendered 3268/4320, time remaining: 2m 9s
Rendered 3269/4320, time remaining: 2m 7s
Rendered 3270/4320, time remaining: 2m 6s
Rendered 3271/4320, time remaining: 2m 4s
Rendered 3272/4320, time remaining: 2m 2s
Rendered 3273/4320, time remaining: 2m 2s
Rendered 3274/4320, time remaining: 2m 0s
Rendered 3275/4320, time remaining: 1m 57s
Rendered 3276/4320, time remaining: 1m 56s
Rendered 3277/4320, time remaining: 1m 55s
Rendered 3278/4320, time remaining: 1m 53s
Rendered 3279/4320, time remaining: 1m 51s
Rendered 3280/4320, time remaining: 1m 49s
Rendered 3281/4320, time remaining: 1m 48s
Rendered 3282/4320, time remaining: 1m 48s
Rendered 3283/4320, time remaining: 1m 46s
Rendered 3284/4320, time remaining: 1m 45s
Rendered 3285/4320, time remaining: 1m 44s
Rendered 3286/4320, time remaining: 1m 43s
Rendered 3287/4320, time remaining: 1m 41s
Rendered 3288/4320, time remaining: 1m 40s
Rendered 3289/4320, time remaining: 1m 39s
Rendered 3290/4320, time remaining: 1m 37s
Rendered 3291/4320, time remaining: 1m 37s
Rendered 3292/4320, time remaining: 1m 36s
Rendered 3293/4320, time remaining: 1m 34s
Rendered 3294/4320, time remaining: 1m 34s
Rendered 3295/4320, time remaining: 1m 31s
Rendered 3296/4320, time remaining: 1m 31s
Rendered 3297/4320, time remaining: 1m 30s
Rendered 3298/4320, time remaining: 1m 29s
Rendered 3299/4320, time remaining: 1m 28s
Rendered 3300/4320, time remaining: 1m 27s
Rendered 3301/4320, time remaining: 1m 28s
Rendered 3302/4320, time remaining: 1m 26s
Rendered 3303/4320, time remaining: 1m 25s
Rendered 3304/4320, time remaining: 1m 24s
Rendered 3305/4320, time remaining: 1m 23s
Rendered 3306/4320, time remaining: 1m 23s
Rendered 3307/4320, time remaining: 1m 22s
Rendered 3308/4320, time remaining: 1m 21s
Rendered 3309/4320, time remaining: 1m 22s
Rendered 3310/4320, time remaining: 1m 24s
Rendered 3311/4320, time remaining: 1m 26s
Rendered 3312/4320, time remaining: 1m 26s
Rendered 3313/4320, time remaining: 1m 31s
Rendered 3314/4320, time remaining: 1m 36s
Rendered 3315/4320, time remaining: 2m 10s
Rendered 3316/4320, time remaining: 2m 21s
Rendered 3317/4320, time remaining: 3m 10s
Rendered 3318/4320, time remaining: 3m 29s
Rendered 3319/4320, time remaining: 3m 39s
Rendered 3320/4320, time remaining: 3m 45s
Rendered 3321/4320, time remaining: 4m 11s
Rendered 3322/4320, time remaining: 4m 20s
Rendered 3323/4320, time remaining: 4m 25s
Rendered 3324/4320, time remaining: 4m 29s
Rendered 3325/4320, time remaining: 4m 37s
Rendered 3326/4320, time remaining: 4m 42s
Rendered 3327/4320, time remaining: 4m 50s
Rendered 3328/4320, time remaining: 4m 52s
Rendered 3329/4320, time remaining: 4m 55s
Rendered 3330/4320, time remaining: 4m 55s
Rendered 3331/4320, time remaining: 4m 57s
Rendered 3332/4320, time remaining: 4m 58s
Rendered 3333/4320, time remaining: 5m 0s
Rendered 3334/4320, time remaining: 5m 2s
Rendered 3335/4320, time remaining: 5m 3s
Rendered 3336/4320, time remaining: 5m 6s
Rendered 3337/4320, time remaining: 5m 8s
Rendered 3338/4320, time remaining: 5m 9s
Rendered 3339/4320, time remaining: 5m 9s
Rendered 3340/4320, time remaining: 5m 11s
Rendered 3341/4320, time remaining: 5m 12s
Rendered 3342/4320, time remaining: 5m 13s
Rendered 3343/4320, time remaining: 5m 14s
Rendered 3344/4320, time remaining: 5m 15s
Rendered 3345/4320, time remaining: 5m 17s
Rendered 3346/4320, time remaining: 5m 18s
Rendered 3347/4320, time remaining: 5m 20s
Rendered 3348/4320, time remaining: 5m 22s
Rendered 3349/4320, time remaining: 5m 23s
Rendered 3350/4320, time remaining: 5m 24s
Rendered 3351/4320, time remaining: 5m 26s
Rendered 3352/4320, time remaining: 5m 26s
Rendered 3353/4320, time remaining: 5m 28s
Rendered 3354/4320, time remaining: 5m 31s
Rendered 3355/4320, time remaining: 5m 31s
Rendered 3356/4320, time remaining: 5m 33s
Rendered 3357/4320, time remaining: 5m 35s
Rendered 3358/4320, time remaining: 5m 36s
Rendered 3359/4320, time remaining: 5m 37s
Rendered 3360/4320, time remaining: 5m 38s
Rendered 3361/4320, time remaining: 5m 40s
Rendered 3362/4320, time remaining: 5m 40s
Rendered 3363/4320, time remaining: 5m 41s
Rendered 3364/4320, time remaining: 5m 43s
Rendered 3365/4320, time remaining: 5m 44s
Rendered 3366/4320, time remaining: 5m 44s
Rendered 3367/4320, time remaining: 5m 45s
Rendered 3368/4320, time remaining: 5m 46s
Rendered 3369/4320, time remaining: 5m 48s
Rendered 3370/4320, time remaining: 5m 49s
Rendered 3371/4320, time remaining: 5m 49s
Rendered 3372/4320, time remaining: 5m 51s
Rendered 3373/4320, time remaining: 5m 52s
Rendered 3374/4320, time remaining: 5m 53s
Rendered 3375/4320, time remaining: 5m 54s
Rendered 3376/4320, time remaining: 5m 55s
Rendered 3377/4320, time remaining: 5m 55s
Rendered 3378/4320, time remaining: 5m 56s
Rendered 3379/4320, time remaining: 5m 57s
Rendered 3380/4320, time remaining: 5m 57s
Rendered 3381/4320, time remaining: 5m 59s
Rendered 3382/4320, time remaining: 5m 59s
Rendered 3383/4320, time remaining: 6m 0s
Rendered 3384/4320, time remaining: 6m 0s
Rendered 3385/4320, time remaining: 6m 1s
Rendered 3386/4320, time remaining: 6m 1s
Rendered 3387/4320, time remaining: 6m 2s
Rendered 3388/4320, time remaining: 6m 2s
Rendered 3389/4320, time remaining: 6m 3s
Rendered 3390/4320, time remaining: 6m 4s
Rendered 3391/4320, time remaining: 6m 4s
Rendered 3392/4320, time remaining: 6m 4s
Rendered 3393/4320, time remaining: 6m 6s
Rendered 3394/4320, time remaining: 6m 6s
Rendered 3395/4320, time remaining: 6m 7s
Rendered 3396/4320, time remaining: 6m 7s
Rendered 3397/4320, time remaining: 6m 9s
Rendered 3398/4320, time remaining: 6m 8s
Rendered 3399/4320, time remaining: 6m 9s
Rendered 3400/4320, time remaining: 6m 9s
Rendered 3401/4320, time remaining: 6m 10s
Rendered 3402/4320, time remaining: 6m 10s
Rendered 3403/4320, time remaining: 6m 11s
Rendered 3404/4320, time remaining: 6m 11s
Rendered 3405/4320, time remaining: 6m 12s
Rendered 3406/4320, time remaining: 6m 12s
Rendered 3407/4320, time remaining: 6m 13s
Rendered 3408/4320, time remaining: 6m 13s
Rendered 3409/4320, time remaining: 6m 14s
Rendered 3410/4320, time remaining: 6m 14s
Rendered 3411/4320, time remaining: 6m 15s
Rendered 3412/4320, time remaining: 6m 15s
Rendered 3413/4320, time remaining: 6m 15s
Rendered 3414/4320, time remaining: 6m 16s
Rendered 3415/4320, time remaining: 6m 16s
Rendered 3416/4320, time remaining: 6m 16s
Rendered 3417/4320, time remaining: 6m 17s
Rendered 3418/4320, time remaining: 6m 18s
Rendered 3419/4320, time remaining: 6m 19s
Rendered 3420/4320, time remaining: 6m 19s
Rendered 3421/4320, time remaining: 6m 20s
Rendered 3422/4320, time remaining: 6m 20s
Rendered 3423/4320, time remaining: 6m 21s
Rendered 3424/4320, time remaining: 6m 21s
Rendered 3425/4320, time remaining: 6m 22s
Rendered 3426/4320, time remaining: 6m 22s
Rendered 3427/4320, time remaining: 6m 23s
Rendered 3428/4320, time remaining: 6m 24s
Rendered 3429/4320, time remaining: 6m 25s
Rendered 3430/4320, time remaining: 6m 25s
Rendered 3431/4320, time remaining: 6m 26s
Rendered 3432/4320, time remaining: 6m 24s
Rendered 3433/4320, time remaining: 6m 24s
Rendered 3434/4320, time remaining: 6m 23s
Rendered 3435/4320, time remaining: 6m 23s
Rendered 3436/4320, time remaining: 6m 22s
Rendered 3437/4320, time remaining: 6m 22s
Rendered 3438/4320, time remaining: 6m 21s
Rendered 3439/4320, time remaining: 6m 20s
Rendered 3440/4320, time remaining: 6m 20s
Rendered 3441/4320, time remaining: 6m 19s
Rendered 3442/4320, time remaining: 6m 18s
Rendered 3443/4320, time remaining: 6m 17s
Rendered 3444/4320, time remaining: 6m 15s
Rendered 3445/4320, time remaining: 6m 15s
Rendered 3446/4320, time remaining: 6m 13s
Rendered 3447/4320, time remaining: 6m 13s
Rendered 3448/4320, time remaining: 6m 12s
Rendered 3449/4320, time remaining: 6m 11s
Rendered 3450/4320, time remaining: 6m 10s
Rendered 3451/4320, time remaining: 6m 9s
Rendered 3452/4320, time remaining: 6m 8s
Rendered 3453/4320, time remaining: 6m 7s
Rendered 3454/4320, time remaining: 6m 6s
Rendered 3455/4320, time remaining: 6m 5s
Rendered 3456/4320, time remaining: 6m 4s
Rendered 3457/4320, time remaining: 6m 3s
Rendered 3458/4320, time remaining: 6m 2s
Rendered 3459/4320, time remaining: 6m 0s
Rendered 3460/4320, time remaining: 5m 57s
Rendered 3461/4320, time remaining: 5m 54s
Rendered 3462/4320, time remaining: 5m 52s
Rendered 3463/4320, time remaining: 5m 47s
Rendered 3464/4320, time remaining: 5m 41s
Rendered 3465/4320, time remaining: 5m 10s
Rendered 3466/4320, time remaining: 4m 59s
Rendered 3467/4320, time remaining: 4m 16s
Rendered 3468/4320, time remaining: 3m 59s
Rendered 3469/4320, time remaining: 3m 50s
Rendered 3470/4320, time remaining: 3m 45s
Rendered 3471/4320, time remaining: 3m 22s
Rendered 3472/4320, time remaining: 3m 14s
Rendered 3473/4320, time remaining: 3m 10s
Rendered 3474/4320, time remaining: 3m 7s
Rendered 3475/4320, time remaining: 2m 59s
Rendered 3476/4320, time remaining: 2m 54s
Rendered 3477/4320, time remaining: 2m 47s
Rendered 3478/4320, time remaining: 2m 45s
Rendered 3479/4320, time remaining: 2m 43s
Rendered 3480/4320, time remaining: 2m 43s
Rendered 3481/4320, time remaining: 2m 41s
Rendered 3482/4320, time remaining: 2m 40s
Rendered 3483/4320, time remaining: 2m 38s
Rendered 3484/4320, time remaining: 2m 36s
Rendered 3485/4320, time remaining: 2m 35s
Rendered 3486/4320, time remaining: 2m 33s
Rendered 3487/4320, time remaining: 2m 30s
Rendered 3488/4320, time remaining: 2m 29s
Rendered 3489/4320, time remaining: 2m 28s
Rendered 3490/4320, time remaining: 2m 27s
Rendered 3491/4320, time remaining: 2m 25s
Rendered 3492/4320, time remaining: 2m 25s
Rendered 3493/4320, time remaining: 2m 23s
Rendered 3494/4320, time remaining: 2m 22s
Rendered 3495/4320, time remaining: 2m 19s
Rendered 3496/4320, time remaining: 2m 18s
Rendered 3497/4320, time remaining: 2m 16s
Rendered 3498/4320, time remaining: 2m 16s
Rendered 3499/4320, time remaining: 2m 14s
Rendered 3500/4320, time remaining: 2m 13s
Rendered 3501/4320, time remaining: 2m 11s
Rendered 3502/4320, time remaining: 2m 11s
Rendered 3503/4320, time remaining: 2m 8s
Rendered 3504/4320, time remaining: 2m 6s
Rendered 3505/4320, time remaining: 2m 5s
Rendered 3506/4320, time remaining: 2m 4s
Rendered 3507/4320, time remaining: 2m 1s
Rendered 3508/4320, time remaining: 2m 0s
Rendered 3509/4320, time remaining: 1m 58s
Rendered 3510/4320, time remaining: 1m 57s
Rendered 3511/4320, time remaining: 1m 55s
Rendered 3512/4320, time remaining: 1m 55s
Rendered 3513/4320, time remaining: 1m 53s
Rendered 3514/4320, time remaining: 1m 52s
Rendered 3515/4320, time remaining: 1m 50s
Rendered 3516/4320, time remaining: 1m 49s
Rendered 3517/4320, time remaining: 1m 48s
Rendered 3518/4320, time remaining: 1m 47s
Rendered 3519/4320, time remaining: 1m 45s
Rendered 3520/4320, time remaining: 1m 44s
Rendered 3521/4320, time remaining: 1m 43s
Rendered 3522/4320, time remaining: 1m 41s
Rendered 3523/4320, time remaining: 1m 40s
Rendered 3524/4320, time remaining: 1m 39s
Rendered 3525/4320, time remaining: 1m 38s
Rendered 3526/4320, time remaining: 1m 38s
Rendered 3527/4320, time remaining: 1m 37s
Rendered 3528/4320, time remaining: 1m 37s
Rendered 3529/4320, time remaining: 1m 38s
Rendered 3530/4320, time remaining: 1m 38s
Rendered 3531/4320, time remaining: 1m 38s
Rendered 3532/4320, time remaining: 1m 37s
Rendered 3533/4320, time remaining: 1m 37s
Rendered 3534/4320, time remaining: 1m 37s
Rendered 3535/4320, time remaining: 1m 36s
Rendered 3536/4320, time remaining: 1m 36s
Rendered 3537/4320, time remaining: 1m 36s
Rendered 3538/4320, time remaining: 1m 36s
Rendered 3539/4320, time remaining: 1m 35s
Rendered 3540/4320, time remaining: 1m 34s
Rendered 3541/4320, time remaining: 1m 34s
Rendered 3542/4320, time remaining: 1m 34s
Rendered 3543/4320, time remaining: 1m 33s
Rendered 3544/4320, time remaining: 1m 32s
Rendered 3545/4320, time remaining: 1m 32s
Rendered 3546/4320, time remaining: 1m 32s
Rendered 3547/4320, time remaining: 1m 30s
Rendered 3548/4320, time remaining: 1m 30s
Rendered 3549/4320, time remaining: 1m 30s
Rendered 3550/4320, time remaining: 1m 30s
Rendered 3551/4320, time remaining: 1m 29s
Rendered 3552/4320, time remaining: 1m 28s
Rendered 3553/4320, time remaining: 1m 28s
Rendered 3554/4320, time remaining: 1m 28s
Rendered 3555/4320, time remaining: 1m 27s
Rendered 3556/4320, time remaining: 1m 27s
Rendered 3557/4320, time remaining: 1m 27s
Rendered 3558/4320, time remaining: 1m 26s
Rendered 3559/4320, time remaining: 1m 26s
Rendered 3560/4320, time remaining: 1m 26s
Rendered 3561/4320, time remaining: 1m 25s
Rendered 3562/4320, time remaining: 1m 25s
Rendered 3563/4320, time remaining: 1m 25s
Rendered 3564/4320, time remaining: 1m 25s
Rendered 3565/4320, time remaining: 1m 25s
Rendered 3566/4320, time remaining: 1m 25s
Rendered 3567/4320, time remaining: 1m 25s
Rendered 3568/4320, time remaining: 1m 24s
Rendered 3569/4320, time remaining: 1m 24s
Rendered 3570/4320, time remaining: 1m 24s
Rendered 3571/4320, time remaining: 1m 23s
Rendered 3572/4320, time remaining: 1m 23s
Rendered 3573/4320, time remaining: 1m 23s
Rendered 3574/4320, time remaining: 1m 22s
Rendered 3575/4320, time remaining: 1m 21s
Rendered 3576/4320, time remaining: 1m 21s
Rendered 3577/4320, time remaining: 1m 20s
Rendered 3578/4320, time remaining: 1m 20s
Rendered 3579/4320, time remaining: 1m 19s
Rendered 3580/4320, time remaining: 1m 18s
Rendered 3581/4320, time remaining: 1m 17s
Rendered 3582/4320, time remaining: 1m 17s
Rendered 3583/4320, time remaining: 1m 17s
Rendered 3584/4320, time remaining: 1m 17s
Rendered 3585/4320, time remaining: 1m 18s
Rendered 3586/4320, time remaining: 1m 18s
Rendered 3587/4320, time remaining: 1m 18s
Rendered 3588/4320, time remaining: 1m 18s
Rendered 3589/4320, time remaining: 1m 18s
Rendered 3590/4320, time remaining: 1m 19s
Rendered 3591/4320, time remaining: 1m 19s
Rendered 3592/4320, time remaining: 1m 19s
Rendered 3593/4320, time remaining: 1m 19s
Rendered 3594/4320, time remaining: 1m 19s
Rendered 3595/4320, time remaining: 1m 20s
Rendered 3596/4320, time remaining: 1m 20s
Rendered 3597/4320, time remaining: 1m 20s
Rendered 3598/4320, time remaining: 1m 20s
Rendered 3599/4320, time remaining: 1m 21s
Rendered 3600/4320, time remaining: 1m 21s
Rendered 3601/4320, time remaining: 1m 21s
Rendered 3602/4320, time remaining: 1m 21s
Rendered 3603/4320, time remaining: 1m 22s
Rendered 3604/4320, time remaining: 1m 22s
Rendered 3605/4320, time remaining: 1m 22s
Rendered 3606/4320, time remaining: 1m 23s
Rendered 3607/4320, time remaining: 1m 23s
Rendered 3608/4320, time remaining: 1m 23s
Rendered 3609/4320, time remaining: 1m 24s
Rendered 3610/4320, time remaining: 1m 24s
Rendered 3611/4320, time remaining: 1m 24s
Rendered 3612/4320, time remaining: 1m 25s
Rendered 3613/4320, time remaining: 1m 25s
Rendered 3614/4320, time remaining: 1m 25s
Rendered 3615/4320, time remaining: 1m 26s
Rendered 3616/4320, time remaining: 1m 26s
Rendered 3617/4320, time remaining: 1m 26s
Rendered 3618/4320, time remaining: 1m 26s
Rendered 3619/4320, time remaining: 1m 26s
Rendered 3620/4320, time remaining: 1m 26s
Rendered 3621/4320, time remaining: 1m 26s
Rendered 3622/4320, time remaining: 1m 26s
Rendered 3623/4320, time remaining: 1m 26s
Rendered 3624/4320, time remaining: 1m 26s
Rendered 3625/4320, time remaining: 1m 27s
Rendered 3626/4320, time remaining: 1m 27s
Rendered 3627/4320, time remaining: 1m 28s
Rendered 3628/4320, time remaining: 1m 27s
Rendered 3629/4320, time remaining: 1m 28s
Rendered 3630/4320, time remaining: 1m 27s
Rendered 3631/4320, time remaining: 1m 28s
Rendered 3632/4320, time remaining: 1m 27s
Rendered 3633/4320, time remaining: 1m 28s
Rendered 3634/4320, time remaining: 1m 28s
Rendered 3635/4320, time remaining: 1m 28s
Rendered 3636/4320, time remaining: 1m 28s
Rendered 3637/4320, time remaining: 1m 29s
Rendered 3638/4320, time remaining: 1m 28s
Rendered 3639/4320, time remaining: 1m 29s
Rendered 3640/4320, time remaining: 1m 29s
Rendered 3641/4320, time remaining: 1m 30s
Rendered 3642/4320, time remaining: 1m 30s
Rendered 3643/4320, time remaining: 1m 30s
Rendered 3644/4320, time remaining: 1m 31s
Rendered 3645/4320, time remaining: 1m 32s
Rendered 3646/4320, time remaining: 1m 32s
Rendered 3647/4320, time remaining: 1m 32s
Rendered 3648/4320, time remaining: 1m 31s
Rendered 3649/4320, time remaining: 1m 31s
Rendered 3650/4320, time remaining: 1m 30s
Rendered 3651/4320, time remaining: 1m 30s
Rendered 3652/4320, time remaining: 1m 30s
Rendered 3653/4320, time remaining: 1m 30s
Rendered 3654/4320, time remaining: 1m 30s
Rendered 3655/4320, time remaining: 1m 30s
Rendered 3656/4320, time remaining: 1m 30s
Rendered 3657/4320, time remaining: 1m 29s
Rendered 3658/4320, time remaining: 1m 29s
Rendered 3659/4320, time remaining: 1m 29s
Rendered 3660/4320, time remaining: 1m 29s
Rendered 3661/4320, time remaining: 1m 29s
Rendered 3662/4320, time remaining: 1m 29s
Rendered 3663/4320, time remaining: 1m 28s
Rendered 3664/4320, time remaining: 1m 28s
Rendered 3665/4320, time remaining: 1m 28s
Rendered 3666/4320, time remaining: 1m 28s
Rendered 3667/4320, time remaining: 1m 28s
Rendered 3668/4320, time remaining: 1m 28s
Rendered 3669/4320, time remaining: 1m 27s
Rendered 3670/4320, time remaining: 1m 27s
Rendered 3671/4320, time remaining: 1m 27s
Rendered 3672/4320, time remaining: 1m 27s
Rendered 3673/4320, time remaining: 1m 27s
Rendered 3674/4320, time remaining: 1m 26s
Rendered 3675/4320, time remaining: 1m 26s
Rendered 3676/4320, time remaining: 1m 25s
Rendered 3677/4320, time remaining: 1m 24s
Rendered 3678/4320, time remaining: 1m 24s
Rendered 3679/4320, time remaining: 1m 22s
Rendered 3680/4320, time remaining: 1m 21s
Rendered 3681/4320, time remaining: 1m 20s
Rendered 3682/4320, time remaining: 1m 19s
Rendered 3683/4320, time remaining: 1m 18s
Rendered 3684/4320, time remaining: 1m 18s
Rendered 3685/4320, time remaining: 1m 17s
Rendered 3686/4320, time remaining: 1m 17s
Rendered 3687/4320, time remaining: 1m 16s
Rendered 3688/4320, time remaining: 1m 16s
Rendered 3689/4320, time remaining: 1m 15s
Rendered 3690/4320, time remaining: 1m 15s
Rendered 3691/4320, time remaining: 1m 13s
Rendered 3692/4320, time remaining: 1m 13s
Rendered 3693/4320, time remaining: 1m 13s
Rendered 3694/4320, time remaining: 1m 12s
Rendered 3695/4320, time remaining: 1m 12s
Rendered 3696/4320, time remaining: 1m 11s
Rendered 3697/4320, time remaining: 1m 11s
Rendered 3698/4320, time remaining: 1m 11s
Rendered 3699/4320, time remaining: 1m 10s
Rendered 3700/4320, time remaining: 1m 10s
Rendered 3701/4320, time remaining: 1m 9s
Rendered 3702/4320, time remaining: 1m 9s
Rendered 3703/4320, time remaining: 1m 8s
Rendered 3704/4320, time remaining: 1m 8s
Rendered 3705/4320, time remaining: 1m 7s
Rendered 3706/4320, time remaining: 1m 7s
Rendered 3707/4320, time remaining: 1m 6s
Rendered 3708/4320, time remaining: 1m 6s
Rendered 3709/4320, time remaining: 1m 5s
Rendered 3710/4320, time remaining: 1m 4s
Rendered 3711/4320, time remaining: 1m 4s
Rendered 3712/4320, time remaining: 1m 3s
Rendered 3713/4320, time remaining: 1m 2s
Rendered 3714/4320, time remaining: 1m 2s
Rendered 3715/4320, time remaining: 1m 1s
Rendered 3716/4320, time remaining: 1m 0s
Rendered 3717/4320, time remaining: 59s
Rendered 3718/4320, time remaining: 59s
Rendered 3719/4320, time remaining: 58s
Rendered 3720/4320, time remaining: 57s
Rendered 3721/4320, time remaining: 57s
Rendered 3722/4320, time remaining: 56s
Rendered 3723/4320, time remaining: 56s
Rendered 3724/4320, time remaining: 55s
Rendered 3725/4320, time remaining: 54s
Rendered 3726/4320, time remaining: 54s
Rendered 3727/4320, time remaining: 53s
Rendered 3728/4320, time remaining: 53s
Rendered 3729/4320, time remaining: 53s
Rendered 3730/4320, time remaining: 52s
Rendered 3731/4320, time remaining: 52s
Rendered 3732/4320, time remaining: 52s
Rendered 3733/4320, time remaining: 51s
Rendered 3734/4320, time remaining: 51s
Rendered 3735/4320, time remaining: 50s
Rendered 3736/4320, time remaining: 50s
Rendered 3737/4320, time remaining: 49s
Rendered 3738/4320, time remaining: 49s
Rendered 3739/4320, time remaining: 48s
Rendered 3740/4320, time remaining: 48s
Rendered 3741/4320, time remaining: 48s
Rendered 3742/4320, time remaining: 47s
Rendered 3743/4320, time remaining: 47s
Rendered 3744/4320, time remaining: 47s
Rendered 3745/4320, time remaining: 46s
Rendered 3746/4320, time remaining: 46s
Rendered 3747/4320, time remaining: 45s
Rendered 3748/4320, time remaining: 45s
Rendered 3749/4320, time remaining: 44s
Rendered 3750/4320, time remaining: 44s
Rendered 3751/4320, time remaining: 43s
Rendered 3752/4320, time remaining: 43s
Rendered 3753/4320, time remaining: 43s
Rendered 3754/4320, time remaining: 43s
Rendered 3755/4320, time remaining: 42s
Rendered 3756/4320, time remaining: 41s
Rendered 3757/4320, time remaining: 41s
Rendered 3758/4320, time remaining: 40s
Rendered 3759/4320, time remaining: 40s
Rendered 3760/4320, time remaining: 39s
Rendered 3761/4320, time remaining: 39s
Rendered 3762/4320, time remaining: 39s
Rendered 3763/4320, time remaining: 38s
Rendered 3764/4320, time remaining: 38s
Rendered 3765/4320, time remaining: 37s
Rendered 3766/4320, time remaining: 37s
Rendered 3767/4320, time remaining: 36s
Rendered 3768/4320, time remaining: 36s
Rendered 3769/4320, time remaining: 35s
Rendered 3770/4320, time remaining: 35s
Rendered 3771/4320, time remaining: 34s
Rendered 3772/4320, time remaining: 34s
Rendered 3773/4320, time remaining: 33s
Rendered 3774/4320, time remaining: 33s
Rendered 3775/4320, time remaining: 32s
Rendered 3776/4320, time remaining: 32s
Rendered 3777/4320, time remaining: 31s
Rendered 3778/4320, time remaining: 31s
Rendered 3779/4320, time remaining: 31s
Rendered 3780/4320, time remaining: 31s
Rendered 3781/4320, time remaining: 30s
Rendered 3782/4320, time remaining: 30s
Rendered 3783/4320, time remaining: 29s
Rendered 3784/4320, time remaining: 29s
Rendered 3785/4320, time remaining: 28s
Rendered 3786/4320, time remaining: 28s
Rendered 3787/4320, time remaining: 27s
Rendered 3788/4320, time remaining: 27s
Rendered 3789/4320, time remaining: 26s
Rendered 3790/4320, time remaining: 26s
Rendered 3791/4320, time remaining: 25s
Rendered 3792/4320, time remaining: 25s
Rendered 3793/4320, time remaining: 24s
Rendered 3794/4320, time remaining: 24s
Rendered 3795/4320, time remaining: 23s
Rendered 3796/4320, time remaining: 23s
Rendered 3797/4320, time remaining: 22s
Rendered 3798/4320, time remaining: 22s
Rendered 3799/4320, time remaining: 22s
Rendered 3800/4320, time remaining: 22s
Rendered 3801/4320, time remaining: 22s
Rendered 3802/4320, time remaining: 22s
Rendered 3803/4320, time remaining: 22s
Rendered 3804/4320, time remaining: 21s
Rendered 3805/4320, time remaining: 21s
Rendered 3806/4320, time remaining: 21s
Rendered 3807/4320, time remaining: 21s
Rendered 3808/4320, time remaining: 21s
Rendered 3809/4320, time remaining: 21s
Rendered 3810/4320, time remaining: 21s
Rendered 3811/4320, time remaining: 21s
Rendered 3812/4320, time remaining: 21s
Rendered 3813/4320, time remaining: 21s
Rendered 3814/4320, time remaining: 21s
Rendered 3815/4320, time remaining: 21s
Rendered 3816/4320, time remaining: 21s
Rendered 3817/4320, time remaining: 21s
Rendered 3818/4320, time remaining: 21s
Rendered 3819/4320, time remaining: 21s
Rendered 3820/4320, time remaining: 21s
Rendered 3821/4320, time remaining: 21s
Rendered 3822/4320, time remaining: 21s
Rendered 3823/4320, time remaining: 20s
Rendered 3824/4320, time remaining: 20s
Rendered 3825/4320, time remaining: 20s
Rendered 3826/4320, time remaining: 20s
Rendered 3827/4320, time remaining: 20s
Rendered 3828/4320, time remaining: 20s
Rendered 3829/4320, time remaining: 20s
Rendered 3830/4320, time remaining: 20s
Rendered 3831/4320, time remaining: 20s
Rendered 3832/4320, time remaining: 20s
Rendered 3833/4320, time remaining: 20s
Rendered 3834/4320, time remaining: 20s
Rendered 3835/4320, time remaining: 20s
Rendered 3836/4320, time remaining: 20s
Rendered 3837/4320, time remaining: 20s
Rendered 3838/4320, time remaining: 20s
Rendered 3839/4320, time remaining: 20s
Rendered 3840/4320, time remaining: 20s
Rendered 3841/4320, time remaining: 20s
Rendered 3842/4320, time remaining: 20s
Rendered 3843/4320, time remaining: 21s
Rendered 3844/4320, time remaining: 21s
Rendered 3845/4320, time remaining: 21s
Rendered 3846/4320, time remaining: 21s
Rendered 3847/4320, time remaining: 22s
Rendered 3848/4320, time remaining: 22s
Rendered 3849/4320, time remaining: 22s
Rendered 3850/4320, time remaining: 22s
Rendered 3851/4320, time remaining: 23s
Rendered 3852/4320, time remaining: 23s
Rendered 3853/4320, time remaining: 23s
Rendered 3854/4320, time remaining: 24s
Rendered 3855/4320, time remaining: 24s
Rendered 3856/4320, time remaining: 24s
Rendered 3857/4320, time remaining: 25s
Rendered 3858/4320, time remaining: 25s
Rendered 3859/4320, time remaining: 25s
Rendered 3860/4320, time remaining: 26s
Rendered 3861/4320, time remaining: 26s
Rendered 3862/4320, time remaining: 26s
Rendered 3863/4320, time remaining: 27s
Rendered 3864/4320, time remaining: 27s
Rendered 3865/4320, time remaining: 27s
Rendered 3866/4320, time remaining: 27s
Rendered 3867/4320, time remaining: 28s
Rendered 3868/4320, time remaining: 28s
Rendered 3869/4320, time remaining: 29s
Rendered 3870/4320, time remaining: 29s
Rendered 3871/4320, time remaining: 29s
Rendered 3872/4320, time remaining: 29s
Rendered 3873/4320, time remaining: 30s
Rendered 3874/4320, time remaining: 30s
Rendered 3875/4320, time remaining: 30s
Rendered 3876/4320, time remaining: 30s
Rendered 3877/4320, time remaining: 31s
Rendered 3878/4320, time remaining: 31s
Rendered 3879/4320, time remaining: 31s
Rendered 3880/4320, time remaining: 31s
Rendered 3881/4320, time remaining: 32s
Rendered 3882/4320, time remaining: 32s
Rendered 3883/4320, time remaining: 32s
Rendered 3884/4320, time remaining: 32s
Rendered 3885/4320, time remaining: 33s
Rendered 3886/4320, time remaining: 33s
Rendered 3887/4320, time remaining: 33s
Rendered 3888/4320, time remaining: 33s
Rendered 3889/4320, time remaining: 34s
Rendered 3890/4320, time remaining: 34s
Rendered 3891/4320, time remaining: 34s
Rendered 3892/4320, time remaining: 34s
Rendered 3893/4320, time remaining: 35s
Rendered 3894/4320, time remaining: 35s
Rendered 3895/4320, time remaining: 36s
Rendered 3896/4320, time remaining: 36s
Rendered 3897/4320, time remaining: 36s
Rendered 3898/4320, time remaining: 36s
Rendered 3899/4320, time remaining: 37s
Rendered 3900/4320, time remaining: 37s
Rendered 3901/4320, time remaining: 37s
Rendered 3902/4320, time remaining: 37s
Rendered 3903/4320, time remaining: 38s
Rendered 3904/4320, time remaining: 38s
Rendered 3905/4320, time remaining: 38s
Rendered 3906/4320, time remaining: 38s
Rendered 3907/4320, time remaining: 39s
Rendered 3908/4320, time remaining: 39s
Rendered 3909/4320, time remaining: 39s
Rendered 3910/4320, time remaining: 39s
Rendered 3911/4320, time remaining: 40s
Rendered 3912/4320, time remaining: 40s
Rendered 3913/4320, time remaining: 40s
Rendered 3914/4320, time remaining: 40s
Rendered 3915/4320, time remaining: 41s
Rendered 3916/4320, time remaining: 41s
Rendered 3917/4320, time remaining: 41s
Rendered 3918/4320, time remaining: 41s
Rendered 3919/4320, time remaining: 42s
Rendered 3920/4320, time remaining: 42s
Rendered 3921/4320, time remaining: 43s
Rendered 3922/4320, time remaining: 43s
Rendered 3923/4320, time remaining: 43s
Rendered 3924/4320, time remaining: 43s
Rendered 3925/4320, time remaining: 44s
Rendered 3926/4320, time remaining: 44s
Rendered 3927/4320, time remaining: 44s
Rendered 3928/4320, time remaining: 44s
Rendered 3929/4320, time remaining: 44s
Rendered 3930/4320, time remaining: 44s
Rendered 3931/4320, time remaining: 45s
Rendered 3932/4320, time remaining: 44s
Rendered 3933/4320, time remaining: 45s
Rendered 3934/4320, time remaining: 45s
Rendered 3935/4320, time remaining: 45s
Rendered 3936/4320, time remaining: 45s
Rendered 3937/4320, time remaining: 46s
Rendered 3938/4320, time remaining: 46s
Rendered 3939/4320, time remaining: 46s
Rendered 3940/4320, time remaining: 46s
Rendered 3941/4320, time remaining: 46s
Rendered 3942/4320, time remaining: 46s
Rendered 3943/4320, time remaining: 47s
Rendered 3944/4320, time remaining: 47s
Rendered 3945/4320, time remaining: 47s
Rendered 3946/4320, time remaining: 47s
Rendered 3947/4320, time remaining: 47s
Rendered 3948/4320, time remaining: 47s
Rendered 3949/4320, time remaining: 48s
Rendered 3950/4320, time remaining: 48s
Rendered 3951/4320, time remaining: 48s
Rendered 3952/4320, time remaining: 48s
Rendered 3953/4320, time remaining: 49s
Rendered 3954/4320, time remaining: 49s
Rendered 3955/4320, time remaining: 50s
Rendered 3956/4320, time remaining: 50s
Rendered 3957/4320, time remaining: 50s
Rendered 3958/4320, time remaining: 50s
Rendered 3959/4320, time remaining: 51s
Rendered 3960/4320, time remaining: 51s
Rendered 3961/4320, time remaining: 52s
Rendered 3962/4320, time remaining: 52s
Rendered 3963/4320, time remaining: 52s
Rendered 3964/4320, time remaining: 52s
Rendered 3965/4320, time remaining: 52s
Rendered 3966/4320, time remaining: 52s
Rendered 3967/4320, time remaining: 53s
Rendered 3968/4320, time remaining: 53s
Rendered 3969/4320, time remaining: 53s
Rendered 3970/4320, time remaining: 53s
Rendered 3971/4320, time remaining: 53s
Rendered 3972/4320, time remaining: 53s
Rendered 3973/4320, time remaining: 54s
Rendered 3974/4320, time remaining: 54s
Rendered 3975/4320, time remaining: 54s
Rendered 3976/4320, time remaining: 54s
Rendered 3977/4320, time remaining: 54s
Rendered 3978/4320, time remaining: 55s
Rendered 3979/4320, time remaining: 55s
Rendered 3980/4320, time remaining: 55s
Rendered 3981/4320, time remaining: 55s
Rendered 3982/4320, time remaining: 56s
Rendered 3983/4320, time remaining: 56s
Rendered 3984/4320, time remaining: 56s
Rendered 3985/4320, time remaining: 57s
Rendered 3986/4320, time remaining: 57s
Rendered 3987/4320, time remaining: 57s
Rendered 3988/4320, time remaining: 57s
Rendered 3989/4320, time remaining: 58s
Rendered 3990/4320, time remaining: 58s
Rendered 3991/4320, time remaining: 58s
Rendered 3992/4320, time remaining: 58s
Rendered 3993/4320, time remaining: 58s
Rendered 3994/4320, time remaining: 58s
Rendered 3995/4320, time remaining: 58s
Rendered 3996/4320, time remaining: 58s
Rendered 3997/4320, time remaining: 58s
Rendered 3998/4320, time remaining: 58s
Rendered 3999/4320, time remaining: 58s
Rendered 4000/4320, time remaining: 58s
Rendered 4001/4320, time remaining: 58s
Rendered 4002/4320, time remaining: 58s
Rendered 4003/4320, time remaining: 1m 0s
Rendered 4004/4320, time remaining: 1m 0s
Rendered 4005/4320, time remaining: 1m 0s
Rendered 4006/4320, time remaining: 1m 0s
Rendered 4007/4320, time remaining: 1m 0s
Rendered 4008/4320, time remaining: 1m 0s
Rendered 4009/4320, time remaining: 1m 1s
Rendered 4010/4320, time remaining: 1m 1s
Rendered 4011/4320, time remaining: 1m 1s
Rendered 4012/4320, time remaining: 1m 1s
Rendered 4013/4320, time remaining: 1m 1s
Rendered 4014/4320, time remaining: 1m 1s
Rendered 4015/4320, time remaining: 1m 1s
Rendered 4016/4320, time remaining: 1m 1s
Rendered 4017/4320, time remaining: 1m 2s
Rendered 4018/4320, time remaining: 1m 1s
Rendered 4019/4320, time remaining: 1m 1s
Rendered 4020/4320, time remaining: 1m 1s
Rendered 4021/4320, time remaining: 1m 2s
Rendered 4022/4320, time remaining: 1m 2s
Rendered 4023/4320, time remaining: 1m 2s
Rendered 4024/4320, time remaining: 1m 2s
Rendered 4025/4320, time remaining: 1m 2s
Rendered 4026/4320, time remaining: 1m 2s
Rendered 4027/4320, time remaining: 1m 2s
Rendered 4028/4320, time remaining: 1m 2s
Rendered 4029/4320, time remaining: 1m 2s
Rendered 4030/4320, time remaining: 1m 2s
Rendered 4031/4320, time remaining: 1m 3s
Rendered 4032/4320, time remaining: 1m 2s
Rendered 4033/4320, time remaining: 1m 3s
Rendered 4034/4320, time remaining: 1m 3s
Rendered 4035/4320, time remaining: 1m 4s
Rendered 4036/4320, time remaining: 1m 5s
Rendered 4037/4320, time remaining: 1m 5s
Rendered 4038/4320, time remaining: 1m 5s
Rendered 4039/4320, time remaining: 1m 6s
Rendered 4040/4320, time remaining: 1m 5s
Rendered 4041/4320, time remaining: 1m 5s
Rendered 4042/4320, time remaining: 1m 6s
Rendered 4043/4320, time remaining: 1m 6s
Rendered 4044/4320, time remaining: 1m 6s
Rendered 4045/4320, time remaining: 1m 6s
Rendered 4046/4320, time remaining: 1m 6s
Rendered 4047/4320, time remaining: 1m 7s
Rendered 4048/4320, time remaining: 1m 7s
Rendered 4049/4320, time remaining: 1m 7s
Rendered 4050/4320, time remaining: 1m 8s
Rendered 4051/4320, time remaining: 1m 7s
Rendered 4052/4320, time remaining: 1m 8s
Rendered 4053/4320, time remaining: 1m 8s
Rendered 4054/4320, time remaining: 1m 8s
Rendered 4055/4320, time remaining: 1m 7s
Rendered 4056/4320, time remaining: 1m 7s
Rendered 4057/4320, time remaining: 1m 8s
Rendered 4058/4320, time remaining: 1m 7s
Rendered 4059/4320, time remaining: 1m 8s
Rendered 4060/4320, time remaining: 1m 8s
Rendered 4061/4320, time remaining: 1m 9s
Rendered 4062/4320, time remaining: 1m 9s
Rendered 4063/4320, time remaining: 1m 9s
Rendered 4064/4320, time remaining: 1m 9s
Rendered 4065/4320, time remaining: 1m 9s
Rendered 4066/4320, time remaining: 1m 8s
Rendered 4067/4320, time remaining: 1m 8s
Rendered 4068/4320, time remaining: 1m 8s
Rendered 4069/4320, time remaining: 1m 8s
Rendered 4070/4320, time remaining: 1m 8s
Rendered 4071/4320, time remaining: 1m 7s
Rendered 4072/4320, time remaining: 1m 7s
Rendered 4073/4320, time remaining: 1m 7s
Rendered 4074/4320, time remaining: 1m 7s
Rendered 4075/4320, time remaining: 1m 7s
Rendered 4076/4320, time remaining: 1m 7s
Rendered 4077/4320, time remaining: 1m 7s
Rendered 4078/4320, time remaining: 1m 7s
Rendered 4079/4320, time remaining: 1m 7s
Rendered 4080/4320, time remaining: 1m 7s
Rendered 4081/4320, time remaining: 1m 7s
Rendered 4082/4320, time remaining: 1m 7s
Rendered 4083/4320, time remaining: 1m 6s
Rendered 4084/4320, time remaining: 1m 6s
Rendered 4085/4320, time remaining: 1m 6s
Rendered 4086/4320, time remaining: 1m 5s
Rendered 4087/4320, time remaining: 1m 5s
Rendered 4088/4320, time remaining: 1m 4s
Rendered 4089/4320, time remaining: 1m 4s
Rendered 4090/4320, time remaining: 1m 4s
Rendered 4091/4320, time remaining: 1m 3s
Rendered 4092/4320, time remaining: 1m 3s
Rendered 4093/4320, time remaining: 1m 2s
Rendered 4094/4320, time remaining: 1m 2s
Rendered 4095/4320, time remaining: 1m 1s
Rendered 4096/4320, time remaining: 1m 1s
Rendered 4097/4320, time remaining: 1m 0s
Rendered 4098/4320, time remaining: 1m 0s
Rendered 4099/4320, time remaining: 1m 0s
Rendered 4100/4320, time remaining: 59s
Rendered 4101/4320, time remaining: 59s
Rendered 4102/4320, time remaining: 58s
Rendered 4103/4320, time remaining: 58s
Rendered 4104/4320, time remaining: 57s
Rendered 4105/4320, time remaining: 56s
Rendered 4106/4320, time remaining: 56s
Rendered 4107/4320, time remaining: 55s
Rendered 4108/4320, time remaining: 55s
Rendered 4109/4320, time remaining: 55s
Rendered 4110/4320, time remaining: 54s
Rendered 4111/4320, time remaining: 53s
Rendered 4112/4320, time remaining: 53s
Rendered 4113/4320, time remaining: 53s
Rendered 4114/4320, time remaining: 52s
Rendered 4115/4320, time remaining: 52s
Rendered 4116/4320, time remaining: 51s
Rendered 4117/4320, time remaining: 51s
Rendered 4118/4320, time remaining: 51s
Rendered 4119/4320, time remaining: 50s
Rendered 4120/4320, time remaining: 50s
Rendered 4121/4320, time remaining: 49s
Rendered 4122/4320, time remaining: 49s
Rendered 4123/4320, time remaining: 48s
Rendered 4124/4320, time remaining: 48s
Rendered 4125/4320, time remaining: 48s
Rendered 4126/4320, time remaining: 47s
Rendered 4127/4320, time remaining: 47s
Rendered 4128/4320, time remaining: 46s
Rendered 4129/4320, time remaining: 46s
Rendered 4130/4320, time remaining: 45s
Rendered 4131/4320, time remaining: 45s
Rendered 4132/4320, time remaining: 44s
Rendered 4133/4320, time remaining: 44s
Rendered 4134/4320, time remaining: 43s
Rendered 4135/4320, time remaining: 43s
Rendered 4136/4320, time remaining: 43s
Rendered 4137/4320, time remaining: 42s
Rendered 4138/4320, time remaining: 42s
Rendered 4139/4320, time remaining: 41s
Rendered 4140/4320, time remaining: 41s
Rendered 4141/4320, time remaining: 40s
Rendered 4142/4320, time remaining: 40s
Rendered 4143/4320, time remaining: 39s
Rendered 4144/4320, time remaining: 39s
Rendered 4145/4320, time remaining: 39s
Rendered 4146/4320, time remaining: 38s
Rendered 4147/4320, time remaining: 38s
Rendered 4148/4320, time remaining: 37s
Rendered 4149/4320, time remaining: 37s
Rendered 4150/4320, time remaining: 37s
Rendered 4151/4320, time remaining: 36s
Rendered 4152/4320, time remaining: 36s
Rendered 4153/4320, time remaining: 34s
Rendered 4154/4320, time remaining: 34s
Rendered 4155/4320, time remaining: 33s
Rendered 4156/4320, time remaining: 33s
Rendered 4157/4320, time remaining: 32s
Rendered 4158/4320, time remaining: 32s
Rendered 4159/4320, time remaining: 31s
Rendered 4160/4320, time remaining: 31s
Rendered 4161/4320, time remaining: 30s
Rendered 4162/4320, time remaining: 30s
Rendered 4163/4320, time remaining: 29s
Rendered 4164/4320, time remaining: 29s
Rendered 4165/4320, time remaining: 28s
Rendered 4166/4320, time remaining: 28s
Rendered 4167/4320, time remaining: 28s
Rendered 4168/4320, time remaining: 27s
Rendered 4169/4320, time remaining: 27s
Rendered 4170/4320, time remaining: 26s
Rendered 4171/4320, time remaining: 26s
Rendered 4172/4320, time remaining: 26s
Rendered 4173/4320, time remaining: 25s
Rendered 4174/4320, time remaining: 25s
Rendered 4175/4320, time remaining: 24s
Rendered 4176/4320, time remaining: 24s
Rendered 4177/4320, time remaining: 24s
Rendered 4178/4320, time remaining: 23s
Rendered 4179/4320, time remaining: 23s
Rendered 4180/4320, time remaining: 23s
Rendered 4181/4320, time remaining: 22s
Rendered 4182/4320, time remaining: 22s
Rendered 4183/4320, time remaining: 21s
Rendered 4184/4320, time remaining: 21s
Rendered 4185/4320, time remaining: 20s
Rendered 4186/4320, time remaining: 19s
Rendered 4187/4320, time remaining: 19s
Rendered 4188/4320, time remaining: 18s
Rendered 4189/4320, time remaining: 18s
Rendered 4190/4320, time remaining: 17s
Rendered 4191/4320, time remaining: 17s
Rendered 4192/4320, time remaining: 17s
Rendered 4193/4320, time remaining: 16s
Rendered 4194/4320, time remaining: 16s
Rendered 4195/4320, time remaining: 15s
Rendered 4196/4320, time remaining: 15s
Rendered 4197/4320, time remaining: 14s
Rendered 4198/4320, time remaining: 14s
Rendered 4199/4320, time remaining: 13s
Rendered 4200/4320, time remaining: 13s
Rendered 4201/4320, time remaining: 13s
Rendered 4202/4320, time remaining: 12s
Rendered 4203/4320, time remaining: 12s
Rendered 4204/4320, time remaining: 12s
Rendered 4205/4320, time remaining: 12s
Rendered 4206/4320, time remaining: 11s
Rendered 4207/4320, time remaining: 11s
Rendered 4208/4320, time remaining: 11s
Rendered 4209/4320, time remaining: 10s
Rendered 4210/4320, time remaining: 10s
Rendered 4211/4320, time remaining: 9s
Rendered 4212/4320, time remaining: 9s
Rendered 4213/4320, time remaining: 9s
Rendered 4214/4320, time remaining: 8s
Rendered 4215/4320, time remaining: 8s
Rendered 4216/4320, time remaining: 8s
Rendered 4217/4320, time remaining: 8s
Rendered 4218/4320, time remaining: 7s
Rendered 4219/4320, time remaining: 7s
Rendered 4220/4320, time remaining: 7s
Rendered 4221/4320, time remaining: 7s
Rendered 4222/4320, time remaining: 7s
Rendered 4223/4320, time remaining: 6s
Rendered 4224/4320, time remaining: 6s
Rendered 4225/4320, time remaining: 6s
Rendered 4226/4320, time remaining: 6s
Rendered 4227/4320, time remaining: 6s
Rendered 4228/4320, time remaining: 5s
Rendered 4229/4320, time remaining: 5s
Rendered 4230/4320, time remaining: 5s
Rendered 4231/4320, time remaining: 5s
Rendered 4232/4320, time remaining: 5s
Rendered 4233/4320, time remaining: 4s
Rendered 4234/4320, time remaining: 4s
Rendered 4235/4320, time remaining: 4s
Rendered 4236/4320, time remaining: 4s
Rendered 4237/4320, time remaining: 4s
Rendered 4238/4320, time remaining: 4s
Rendered 4239/4320, time remaining: 4s
Rendered 4240/4320, time remaining: 4s
Rendered 4241/4320, time remaining: 4s
Rendered 4242/4320, time remaining: 4s
Rendered 4243/4320, time remaining: 4s
Rendered 4244/4320, time remaining: 4s
Rendered 4245/4320, time remaining: 4s
Rendered 4246/4320, time remaining: 4s
Rendered 4247/4320, time remaining: 4s
Rendered 4248/4320, time remaining: 4s
Rendered 4249/4320, time remaining: 3s
Rendered 4250/4320, time remaining: 3s
Rendered 4251/4320, time remaining: 3s
Rendered 4252/4320, time remaining: 3s
Rendered 4253/4320, time remaining: 3s
Rendered 4254/4320, time remaining: 3s
Rendered 4255/4320, time remaining: 3s
Rendered 4256/4320, time remaining: 3s
Rendered 4257/4320, time remaining: 3s
Rendered 4258/4320, time remaining: 3s
Rendered 4259/4320, time remaining: 3s
Rendered 4260/4320, time remaining: 3s
Rendered 4261/4320, time remaining: 3s
Rendered 4262/4320, time remaining: 3s
Rendered 4263/4320, time remaining: 3s
Rendered 4264/4320, time remaining: 3s
Rendered 4265/4320, time remaining: 3s
Rendered 4266/4320, time remaining: 3s
Rendered 4267/4320, time remaining: 2s
Rendered 4268/4320, time remaining: 2s
Rendered 4269/4320, time remaining: 2s
Rendered 4270/4320, time remaining: 2s
Rendered 4271/4320, time remaining: 2s
Rendered 4272/4320, time remaining: 2s
Rendered 4273/4320, time remaining: 2s
Rendered 4274/4320, time remaining: 2s
Rendered 4275/4320, time remaining: 2s
Rendered 4276/4320, time remaining: 2s
Rendered 4277/4320, time remaining: 2s
Rendered 4278/4320, time remaining: 2s
Rendered 4279/4320, time remaining: 2s
Rendered 4280/4320, time remaining: 2s
Rendered 4281/4320, time remaining: 2s
Rendered 4282/4320, time remaining: 2s
Rendered 4283/4320, time remaining: 2s
Rendered 4284/4320, time remaining: 2s
Rendered 4285/4320, time remaining: 1s
Rendered 4286/4320, time remaining: 1s
Rendered 4287/4320, time remaining: 1s
Rendered 4288/4320, time remaining: 1s
Rendered 4289/4320, time remaining: 1s
Rendered 4290/4320, time remaining: 1s
Rendered 4291/4320, time remaining: 1s
Rendered 4292/4320, time remaining: 1s
Rendered 4293/4320, time remaining: 1s
Rendered 4294/4320, time remaining: 1s
Rendered 4295/4320, time remaining: 1s
Rendered 4296/4320, time remaining: 1s
Rendered 4297/4320, time remaining: 1s
Rendered 4298/4320, time remaining: 1s
Rendered 4299/4320, time remaining: 1s
Rendered 4300/4320, time remaining: 1s
Rendered 4301/4320, time remaining: 1s
Rendered 4302/4320, time remaining: 1s
Rendered 4303/4320, time remaining: 0s
Rendered 4304/4320, time remaining: 0s
Rendered 4305/4320, time remaining: 0s
Rendered 4306/4320, time remaining: 0s
Rendered 4307/4320, time remaining: 0s
Rendered 4308/4320, time remaining: 0s
Rendered 4309/4320, time remaining: 0s
Rendered 4310/4320, time remaining: 0s
Rendered 4311/4320, time remaining: 0s
Rendered 4312/4320, time remaining: 0s
Rendered 4313/4320, time remaining: 0s
Rendered 4314/4320, time remaining: 0s
Rendered 4315/4320, time remaining: 0s
Rendered 4316/4320, time remaining: 0s
Rendered 4317/4320, time remaining: 0s
Rendered 4318/4320, time remaining: 0s
Rendered 4319/4320, time remaining: 0s
Rendered 4320/4320
Encoded 1/4320
Encoded 17/4320
Encoded 29/4320
Encoded 45/4320
Encoded 58/4320
Encoded 73/4320
Encoded 81/4320
Encoded 93/4320
Encoded 109/4320
Encoded 119/4320
Encoded 131/4320
Encoded 143/4320
Encoded 155/4320
Encoded 167/4320
Encoded 175/4320
Encoded 188/4320
Encoded 203/4320
Encoded 214/4320
Encoded 223/4320
Encoded 228/4320
Encoded 238/4320
Encoded 245/4320
Encoded 253/4320
Encoded 257/4320
Encoded 269/4320
Encoded 276/4320
Encoded 286/4320
Encoded 295/4320
Encoded 306/4320
Encoded 317/4320
Encoded 329/4320
Encoded 341/4320
Encoded 349/4320
Encoded 366/4320
Encoded 386/4320
Encoded 404/4320
Encoded 412/4320
Encoded 418/4320
Encoded 425/4320
Encoded 432/4320
Encoded 439/4320
Encoded 451/4320
Encoded 467/4320
Encoded 481/4320
Encoded 502/4320
Encoded 519/4320
Encoded 537/4320
Encoded 561/4320
Encoded 578/4320
Encoded 596/4320
Encoded 613/4320
Encoded 633/4320
Encoded 658/4320
Encoded 696/4320
Encoded 732/4320
Encoded 755/4320
Encoded 781/4320
Encoded 795/4320
Encoded 807/4320
Encoded 818/4320
Encoded 829/4320
Encoded 845/4320
Encoded 857/4320
Encoded 873/4320
Encoded 890/4320
Encoded 909/4320
Encoded 950/4320
Encoded 990/4320
Encoded 1027/4320
Encoded 1042/4320
Encoded 1064/4320
Encoded 1085/4320
Encoded 1112/4320
Encoded 1144/4320
Encoded 1167/4320
Encoded 1195/4320
Encoded 1224/4320
Encoded 1252/4320
Encoded 1281/4320
Encoded 1310/4320
Encoded 1334/4320
Encoded 1350/4320
Encoded 1370/4320
Encoded 1386/4320
Encoded 1393/4320
Encoded 1401/4320
Encoded 1405/4320
Encoded 1409/4320
Encoded 1414/4320
Encoded 1417/4320
Encoded 1425/4320
Encoded 1425/4320
Encoded 1429/4320
Encoded 1433/4320
Encoded 1435/4320
Encoded 1437/4320
Encoded 1445/4320
Encoded 1449/4320
Encoded 1457/4320
Encoded 1461/4320
Encoded 1465/4320
Encoded 1469/4320
Encoded 1473/4320
Encoded 1475/4320
Encoded 1482/4320
Encoded 1488/4320
Encoded 1490/4320
Encoded 1497/4320
Encoded 1508/4320
Encoded 1512/4320
Encoded 1522/4320
Encoded 1530/4320
Encoded 1541/4320
Encoded 1552/4320
Encoded 1560/4320
Encoded 1566/4320
Encoded 1576/4320
Encoded 1587/4320
Encoded 1596/4320
Encoded 1607/4320
Encoded 1617/4320
Encoded 1629/4320
Encoded 1660/4320
Encoded 1692/4320
Encoded 1708/4320
Encoded 1724/4320
Encoded 1736/4320
Encoded 1748/4320
Encoded 1752/4320
Encoded 1764/4320
Encoded 1770/4320
Encoded 1783/4320
Encoded 1794/4320
Encoded 1802/4320
Encoded 1810/4320
Encoded 1817/4320
Encoded 1825/4320
Encoded 1833/4320
Encoded 1834/4320
Encoded 1845/4320
Encoded 1851/4320
Encoded 1858/4320
Encoded 1869/4320
Encoded 1874/4320
Encoded 1881/4320
Encoded 1885/4320
Encoded 1893/4320
Encoded 1901/4320
Encoded 1905/4320
Encoded 1909/4320
Encoded 1917/4320
Encoded 1917/4320
Encoded 1921/4320
Encoded 1929/4320
Encoded 1929/4320
Encoded 1929/4320
Encoded 1937/4320
Encoded 1941/4320
Encoded 1949/4320
Encoded 1953/4320
Encoded 1954/4320
Encoded 1965/4320
Encoded 1965/4320
Encoded 1973/4320
Encoded 1981/4320
Encoded 1985/4320
Encoded 1989/4320
Encoded 1993/4320
Encoded 1997/4320
Encoded 2001/4320
Encoded 2005/4320
Encoded 2013/4320
Encoded 2017/4320
Encoded 2025/4320
Encoded 2029/4320
Encoded 2038/4320
Encoded 2060/4320
Encoded 2072/4320
Encoded 2092/4320
Encoded 2104/4320
Encoded 2112/4320
Encoded 2128/4320
Encoded 2144/4320
Encoded 2162/4320
Encoded 2178/4320
Encoded 2193/4320
Encoded 2208/4320
Encoded 2208/4320
Encoded 2209/4320
Encoded 2215/4320
Encoded 2226/4320
Encoded 2231/4320
Encoded 2239/4320
Encoded 2243/4320
Encoded 2244/4320
Encoded 2246/4320
Encoded 2250/4320
Encoded 2258/4320
Encoded 2262/4320
Encoded 2265/4320
Encoded 2272/4320
Encoded 2277/4320
Encoded 2286/4320
Encoded 2290/4320
Encoded 2297/4320
Encoded 2305/4320
Encoded 2313/4320
Encoded 2325/4320
Encoded 2349/4320
Encoded 2371/4320
Encoded 2402/4320
Encoded 2420/4320
Encoded 2438/4320
Encoded 2458/4320
Encoded 2480/4320
Encoded 2502/4320
Encoded 2537/4320
Encoded 2566/4320
Encoded 2596/4320
Encoded 2614/4320
Encoded 2625/4320
Encoded 2637/4320
Encoded 2649/4320
Encoded 2654/4320
Encoded 2666/4320
Encoded 2675/4320
Encoded 2685/4320
Encoded 2693/4320
Encoded 2702/4320
Encoded 2717/4320
Encoded 2729/4320
Encoded 2752/4320
Encoded 2784/4320
Encoded 2809/4320
Encoded 2840/4320
Encoded 2868/4320
Encoded 2898/4320
Encoded 2920/4320
Encoded 2944/4320
Encoded 2974/4320
Encoded 2998/4320
Encoded 3023/4320
Encoded 3044/4320
Encoded 3049/4320
Encoded 3057/4320
Encoded 3069/4320
Encoded 3077/4320
Encoded 3082/4320
Encoded 3093/4320
Encoded 3105/4320
Encoded 3115/4320
Encoded 3127/4320
Encoded 3144/4320
Encoded 3158/4320
Encoded 3180/4320
Encoded 3199/4320
Encoded 3220/4320
Encoded 3240/4320
Encoded 3256/4320
Encoded 3275/4320
Encoded 3289/4320
Encoded 3304/4320
Encoded 3311/4320
Encoded 3319/4320
Encoded 3323/4320
Encoded 3335/4320
Encoded 3343/4320
Encoded 3351/4320
Encoded 3359/4320
Encoded 3366/4320
Encoded 3378/4320
Encoded 3383/4320
Encoded 3390/4320
Encoded 3402/4320
Encoded 3411/4320
Encoded 3414/4320
Encoded 3415/4320
Encoded 3423/4320
Encoded 3433/4320
Encoded 3457/4320
Encoded 3477/4320
Encoded 3496/4320
Encoded 3517/4320
Encoded 3533/4320
Encoded 3545/4320
Encoded 3560/4320
Encoded 3573/4320
Encoded 3581/4320
Encoded 3594/4320
Encoded 3605/4320
Encoded 3613/4320
Encoded 3625/4320
Encoded 3633/4320
Encoded 3638/4320
Encoded 3646/4320
Encoded 3670/4320
Encoded 3690/4320
Encoded 3714/4320
Encoded 3730/4320
Encoded 3750/4320
Encoded 3765/4320
Encoded 3781/4320
Encoded 3798/4320
Encoded 3809/4320
Encoded 3824/4320
Encoded 3829/4320
Encoded 3838/4320
Encoded 3841/4320
Encoded 3845/4320
Encoded 3849/4320
Encoded 3853/4320
Encoded 3857/4320
Encoded 3862/4320
Encoded 3866/4320
Encoded 3873/4320
Encoded 3877/4320
Encoded 3885/4320
Encoded 3886/4320
Encoded 3897/4320
Encoded 3903/4320
Encoded 3915/4320
Encoded 3922/4320
Encoded 3927/4320
Encoded 3935/4320
Encoded 3944/4320
Encoded 3956/4320
Encoded 3959/4320
Encoded 3971/4320
Encoded 3980/4320
Encoded 3987/4320
Encoded 3997/4320
Encoded 4005/4320
Encoded 4015/4320
Encoded 4024/4320
Encoded 4035/4320
Encoded 4044/4320
Encoded 4059/4320
Encoded 4070/4320
Encoded 4096/4320
Encoded 4122/4320
Encoded 4150/4320
Encoded 4172/4320
Encoded 4188/4320
Encoded 4206/4320
Encoded 4230/4320
Encoded 4254/4320
Encoded 4306/4320
Encoded 4320/4320
+                    ../assets/storyboard/you-handle-today-footage/assembly/you-handle-today-review-v1.mp4 43.7 MB
